{"events":[{"scanLocaleKey":"V21380","edocMailingGroupId":null,"idTag":null,"pieceId":"bbcc8c41-5d0f-11ec-91a7-abfd32e6bee3","machineName":"DBCS-021","routingCodeImbMatchingPortion":"19317926422","edocSubmitterCrid":"13861252","predictedDeliveryDate":null,"scanFacilityCity":"HISTORIC NEW CASTLE","anticipatedDeliveryDate":null,"scanFacilityState":"DE","scannerType":null,"imbStid":"271","imbSerialNumber":"024069","startTheClockDate":null,"scanEventCode":"894","scanDatetime":"2021-12-15 10:36:42-0500","expectedDeliveryDate":null,"handlingEventTypeDescription":"Actual","impb":null,"scanFacilityZip":"19850","imbTrackingCode":"00271901736682024069","imbRoutingCode":"19317926422","imbMid":"901736682","machineId":"021","handlingEventType":"A","edocJobId":"00670190","scanFacilityName":"WILMINGTON","mailClassDescription":"Standard","imb":"0027190173668202406919317926422"},{"scanLocaleKey":"V21380","edocMailingGroupId":null,"idTag":null,"pieceId":"b2071ac7-5d11-11ec-9e18-2534d2514868","machineName":"DBCS-021","routingCodeImbMatchingPortion":"19352121362","edocSubmitterCrid":"13861252","predictedDeliveryDate":null,"scanFacilityCity":"HISTORIC NEW CASTLE","anticipatedDeliveryDate":null,"scanFacilityState":"DE","scannerType":null,"imbStid":"271","imbSerialNumber":"024059","startTheClockDate":null,"scanEventCode":"894","scanDatetime":"2021-12-15 10:36:37-0500","expectedDeliveryDate":null,"handlingEventTypeDescription":"Actual","impb":null,"scanFacilityZip":"19850","imbTrackingCode":"00271901736682024059","imbRoutingCode":"19352121362","imbMid":"901736682","machineId":"021","handlingEventType":"A","edocJobId":"00670190","scanFacilityName":"WILMINGTON","mailClassDescription":"Standard","imb":"0027190173668202405919352121362"},{"scanLocaleKey":"V21380","edocMailingGroupId":null,"idTag":null,"pieceId":"b1675851-5d11-11ec-8391-9f1b64bddd3e","machineName":"DBCS-021","routingCodeImbMatchingPortion":"19707960903","edocSubmitterCrid":"13861252","predictedDeliveryDate":null,"scanFacilityCity":"HISTORIC NEW CASTLE","anticipatedDeliveryDate":null,"scanFacilityState":"DE","scannerType":null,"imbStid":"271","imbSerialNumber":"023974","startTheClockDate":null,"scanEventCode":"894","scanDatetime":"2021-12-15 10:36:26-0500","expectedDeliveryDate":null,"handlingEventTypeDescription":"Actual","impb":null,"scanFacilityZip":"19850","imbTrackingCode":"00271901736682023974","imbRoutingCode":"19707960903","imbMid":"901736682","machineId":"021","handlingEventType":"A","edocJobId":"00670190","scanFacilityName":"WILMINGTON","mailClassDescription":"Standard","imb":"0027190173668202397419707960903"},{"scanLocaleKey":"V21380","edocMailingGroupId":null,"idTag":null,"pieceId":"ac7d4202-5d11-11ec-9e18-2534d2514868","machineName":"DBCS-021","routingCodeImbMatchingPortion":"19711382316","edocSubmitterCrid":"13861252","predictedDeliveryDate":null,"scanFacilityCity":"HISTORIC NEW CASTLE","anticipatedDeliveryDate":null,"scanFacilityState":"DE","scannerType":null,"imbStid":"271","imbSerialNumber":"025127","startTheClockDate":null,"scanEventCode":"894","scanDatetime":"2021-12-15 10:36:19-0500","expectedDeliveryDate":null,"handlingEventTypeDescription":"Actual","impb":null,"scanFacilityZip":"19850","imbTrackingCode":"00271901736682025127","imbRoutingCode":"19711382316","imbMid":"901736682","machineId":"021","handlingEventType":"A","edocJobId":"00670190","scanFacilityName":"WILMINGTON","mailClassDescription":"Standard","imb":"0027190173668202512719711382316"}],"msgGrpId":"1639582959920XZW2TYW","msgSerNbr":1,"totMsgCnt":1,"recCnt":4,"totRecCnt":4}