{"events":[{"scanLocaleKey":"V27378","edocMailingGroupId":null,"idTag":null,"pieceId":"a5552562-641e-11ec-9ca2-8f09543947eb","machineName":"DBCS-016","routingCodeImbMatchingPortion":"20901290903","edocSubmitterCrid":"13861252","predictedDeliveryDate":null,"scanFacilityCity":"GAITHERSBURG","anticipatedDeliveryDate":"2022-01-03","scanFacilityState":"MD","scannerType":null,"imbStid":"271","imbSerialNumber":"009285","startTheClockDate":"2021-12-24","scanEventCode":"918","scanDatetime":"2022-01-01 22:46:26-0500","expectedDeliveryDate":"2021-12-31","handlingEventTypeDescription":"Actual","impb":null,"scanFacilityZip":"20898","imbTrackingCode":"00271901736682009285","imbRoutingCode":"20901290903","imbMid":"901736682","machineId":"016","handlingEventType":"A","edocJobId":"10675763","scanFacilityName":"SUBURBAN MARYLAND","mailClassDescription":"Standard","imb":"0027190173668200928520901290903"},{"scanLocaleKey":"V21380","edocMailingGroupId":null,"idTag":null,"pieceId":"29ba6281-641e-11ec-a5ad-39d6c721fae2","machineName":"DIOSS-006","routingCodeImbMatchingPortion":"19971145411","edocSubmitterCrid":"13861252","predictedDeliveryDate":null,"scanFacilityCity":"HISTORIC NEW CASTLE","anticipatedDeliveryDate":null,"scanFacilityState":"DE","scannerType":null,"imbStid":"271","imbSerialNumber":"011597","startTheClockDate":null,"scanEventCode":"893","scanDatetime":"2022-01-01 13:56:36-0500","expectedDeliveryDate":null,"handlingEventTypeDescription":"Actual","impb":null,"scanFacilityZip":"19850","imbTrackingCode":"00271901736682011597","imbRoutingCode":"19971145411","imbMid":"901736682","machineId":"006","handlingEventType":"A","edocJobId":"10675763","scanFacilityName":"WILMINGTON","mailClassDescription":"Standard","imb":"0027190173668201159719971145411"},{"scanLocaleKey":"V21380","edocMailingGroupId":null,"idTag":null,"pieceId":"b36d645a-641e-11ec-9160-abc08239cebc","machineName":"DIOSS-006","routingCodeImbMatchingPortion":"19971280618","edocSubmitterCrid":"13861252","predictedDeliveryDate":null,"scanFacilityCity":"HISTORIC NEW CASTLE","anticipatedDeliveryDate":null,"scanFacilityState":"DE","scannerType":null,"imbStid":"271","imbSerialNumber":"009146","startTheClockDate":null,"scanEventCode":"893","scanDatetime":"2022-01-01 13:56:30-0500","expectedDeliveryDate":null,"handlingEventTypeDescription":"Actual","impb":null,"scanFacilityZip":"19850","imbTrackingCode":"00271901736682009146","imbRoutingCode":"19971280618","imbMid":"901736682","machineId":"006","handlingEventType":"A","edocJobId":"10675763","scanFacilityName":"WILMINGTON","mailClassDescription":"Standard","imb":"0027190173668200914619971280618"},{"scanLocaleKey":"V21380","edocMailingGroupId":null,"idTag":null,"pieceId":"262afa3c-641e-11ec-986b-1f11e3b6224c","machineName":"DIOSS-006","routingCodeImbMatchingPortion":"19971158051","edocSubmitterCrid":"13861252","predictedDeliveryDate":null,"scanFacilityCity":"HISTORIC NEW CASTLE","anticipatedDeliveryDate":null,"scanFacilityState":"DE","scannerType":null,"imbStid":"271","imbSerialNumber":"010397","startTheClockDate":null,"scanEventCode":"893","scanDatetime":"2022-01-01 13:56:19-0500","expectedDeliveryDate":null,"handlingEventTypeDescription":"Actual","impb":null,"scanFacilityZip":"19850","imbTrackingCode":"00271901736682010397","imbRoutingCode":"19971158051","imbMid":"901736682","machineId":"006","handlingEventType":"A","edocJobId":"10675763","scanFacilityName":"WILMINGTON","mailClassDescription":"Standard","imb":"0027190173668201039719971158051"},{"scanLocaleKey":"005918","edocMailingGroupId":null,"idTag":null,"pieceId":"a9c291a5-641e-11ec-b438-b1a87e91d745","machineName":"DBCS-048","routingCodeImbMatchingPortion":"19034180218","edocSubmitterCrid":"13861252","predictedDeliveryDate":null,"scanFacilityCity":"PHILADELPHIA","anticipatedDeliveryDate":"2022-01-03","scanFacilityState":"PA","scannerType":null,"imbStid":"271","imbSerialNumber":"011610","startTheClockDate":"2021-12-24","scanEventCode":"918","scanDatetime":"2022-01-01 13:56:26-0500","expectedDeliveryDate":"2021-12-29","handlingEventTypeDescription":"Actual","impb":null,"scanFacilityZip":"19176","imbTrackingCode":"00271901736682011610","imbRoutingCode":"19034180218","imbMid":"901736682","machineId":"048","handlingEventType":"A","edocJobId":"10675763","scanFacilityName":"PHILADELPHIA","mailClassDescription":"Standard","imb":"0027190173668201161019034180218"},{"scanLocaleKey":"V21380","edocMailingGroupId":null,"idTag":null,"pieceId":"a35bc66d-641e-11ec-9ca2-8f09543947eb","machineName":"DIOSS-006","routingCodeImbMatchingPortion":"19971105975","edocSubmitterCrid":"13861252","predictedDeliveryDate":null,"scanFacilityCity":"HISTORIC NEW CASTLE","anticipatedDeliveryDate":null,"scanFacilityState":"DE","scannerType":null,"imbStid":"271","imbSerialNumber":"010082","startTheClockDate":null,"scanEventCode":"893","scanDatetime":"2022-01-01 13:56:35-0500","expectedDeliveryDate":null,"handlingEventTypeDescription":"Actual","impb":null,"scanFacilityZip":"19850","imbTrackingCode":"00271901736682010082","imbRoutingCode":"19971105975","imbMid":"901736682","machineId":"006","handlingEventType":"A","edocJobId":"10675763","scanFacilityName":"WILMINGTON","mailClassDescription":"Standard","imb":"0027190173668201008219971105975"},{"scanLocaleKey":"X29745","edocMailingGroupId":null,"idTag":null,"pieceId":"a1146e71-641e-11ec-b242-c73c5773ffd2","machineName":"DBCS-020","routingCodeImbMatchingPortion":"20194144797","edocSubmitterCrid":"13861252","predictedDeliveryDate":null,"scanFacilityCity":"STERLING","anticipatedDeliveryDate":"2022-01-03","scanFacilityState":"VA","scannerType":null,"imbStid":"271","imbSerialNumber":"009228","startTheClockDate":"2021-12-24","scanEventCode":"918","scanDatetime":"2022-01-01 16:59:31-0500","expectedDeliveryDate":"2021-12-30","handlingEventTypeDescription":"Actual","impb":null,"scanFacilityZip":"20101","imbTrackingCode":"00271901736682009228","imbRoutingCode":"20194144797","imbMid":"901736682","machineId":"020","handlingEventType":"A","edocJobId":"10675763","scanFacilityName":"DULLES","mailClassDescription":"Standard","imb":"0027190173668200922820194144797"},{"scanLocaleKey":"X29745","edocMailingGroupId":null,"idTag":null,"pieceId":"526d9d21-641c-11ec-8e45-93ef0f34a3a0","machineName":"DBCS-020","routingCodeImbMatchingPortion":"20191130682","edocSubmitterCrid":"13861252","predictedDeliveryDate":null,"scanFacilityCity":"STERLING","anticipatedDeliveryDate":"2022-01-03","scanFacilityState":"VA","scannerType":null,"imbStid":"271","imbSerialNumber":"009911","startTheClockDate":"2021-12-24","scanEventCode":"918","scanDatetime":"2022-01-01 17:03:47-0500","expectedDeliveryDate":"2021-12-30","handlingEventTypeDescription":"Actual","impb":null,"scanFacilityZip":"20101","imbTrackingCode":"00271901736682009911","imbRoutingCode":"20191130682","imbMid":"901736682","machineId":"020","handlingEventType":"A","edocJobId":"10675763","scanFacilityName":"DULLES","mailClassDescription":"Standard","imb":"0027190173668200991120191130682"},{"scanLocaleKey":"X29745","edocMailingGroupId":null,"idTag":null,"pieceId":"7d9f7d71-5f66-11ec-8216-f1848fac82a4","machineName":"DBCS-023","routingCodeImbMatchingPortion":"22603387910","edocSubmitterCrid":"13861252","predictedDeliveryDate":null,"scanFacilityCity":"STERLING","anticipatedDeliveryDate":"2022-01-03","scanFacilityState":"VA","scannerType":null,"imbStid":"271","imbSerialNumber":"046235","startTheClockDate":"2021-12-18","scanEventCode":"918","scanDatetime":"2022-01-01 07:44:28-0500","expectedDeliveryDate":"2021-12-24","handlingEventTypeDescription":"Actual","impb":null,"scanFacilityZip":"20101","imbTrackingCode":"00271901736682046235","imbRoutingCode":"22603387910","imbMid":"901736682","machineId":"023","handlingEventType":"A","edocJobId":"00672497","scanFacilityName":"DULLES","mailClassDescription":"Standard","imb":"0027190173668204623522603387910"},{"scanLocaleKey":"005918","edocMailingGroupId":null,"idTag":null,"pieceId":"62601652-5f66-11ec-95f1-d717962f4617","machineName":"DBCS-023","routingCodeImbMatchingPortion":"19070213507","edocSubmitterCrid":"13861252","predictedDeliveryDate":null,"scanFacilityCity":"PHILADELPHIA","anticipatedDeliveryDate":"2022-01-03","scanFacilityState":"PA","scannerType":null,"imbStid":"271","imbSerialNumber":"051497","startTheClockDate":"2021-12-18","scanEventCode":"918","scanDatetime":"2022-01-01 13:50:16-0500","expectedDeliveryDate":"2021-12-23","handlingEventTypeDescription":"Actual","impb":null,"scanFacilityZip":"19176","imbTrackingCode":"00271901736682051497","imbRoutingCode":"19070213507","imbMid":"901736682","machineId":"023","handlingEventType":"A","edocJobId":"00672497","scanFacilityName":"PHILADELPHIA","mailClassDescription":"Standard","imb":"0027190173668205149719070213507"},{"scanLocaleKey":"X18801","edocMailingGroupId":null,"idTag":null,"pieceId":"e1630311-61da-11ec-bb38-f37830a73563","machineName":"CIOSS-041","routingCodeImbMatchingPortion":"20007271141","edocSubmitterCrid":"13861252","predictedDeliveryDate":null,"scanFacilityCity":"HARRISBURG","anticipatedDeliveryDate":null,"scanFacilityState":"PA","scannerType":null,"imbStid":"271","imbSerialNumber":"025562","startTheClockDate":"2021-12-21","scanEventCode":"058","scanDatetime":"2021-12-31 23:13:36-0500","expectedDeliveryDate":"2021-12-27","handlingEventTypeDescription":"Actual","impb":null,"scanFacilityZip":"17107","imbTrackingCode":"00271901736682025562","imbRoutingCode":"20007271141","imbMid":"901736682","machineId":"041","handlingEventType":"A","edocJobId":"00670811","scanFacilityName":"HARRISBURG","mailClassDescription":"Standard","imb":"0027190173668202556220007271141"},{"scanLocaleKey":"V21380","edocMailingGroupId":null,"idTag":null,"pieceId":"84307b15-5f68-11ec-9d41-e1e66304be90","machineName":"DBCS-014","routingCodeImbMatchingPortion":"19810153453","edocSubmitterCrid":"13861252","predictedDeliveryDate":null,"scanFacilityCity":"HISTORIC NEW CASTLE","anticipatedDeliveryDate":"2022-01-03","scanFacilityState":"DE","scannerType":null,"imbStid":"271","imbSerialNumber":"051963","startTheClockDate":null,"scanEventCode":"918","scanDatetime":"2021-12-31 23:22:46-0500","expectedDeliveryDate":null,"handlingEventTypeDescription":"Actual","impb":null,"scanFacilityZip":"19850","imbTrackingCode":"00271901736682051963","imbRoutingCode":"19810153453","imbMid":"901736682","machineId":"014","handlingEventType":"A","edocJobId":"00672497","scanFacilityName":"WILMINGTON","mailClassDescription":"Standard","imb":"0027190173668205196319810153453"},{"scanLocaleKey":"V21380","edocMailingGroupId":null,"idTag":null,"pieceId":"b3f30f11-641e-11ec-993a-cf18a53c8b2a","machineName":"DIOSS-006","routingCodeImbMatchingPortion":"19971177583","edocSubmitterCrid":"13861252","predictedDeliveryDate":null,"scanFacilityCity":"HISTORIC NEW CASTLE","anticipatedDeliveryDate":null,"scanFacilityState":"DE","scannerType":null,"imbStid":"271","imbSerialNumber":"009865","startTheClockDate":null,"scanEventCode":"893","scanDatetime":"2022-01-01 13:46:23-0500","expectedDeliveryDate":null,"handlingEventTypeDescription":"Actual","impb":null,"scanFacilityZip":"19850","imbTrackingCode":"00271901736682009865","imbRoutingCode":"19971177583","imbMid":"901736682","machineId":"006","handlingEventType":"A","edocJobId":"10675763","scanFacilityName":"WILMINGTON","mailClassDescription":"Standard","imb":"0027190173668200986519971177583"},{"scanLocaleKey":"005918","edocMailingGroupId":null,"idTag":null,"pieceId":"a69dd201-641e-11ec-bc50-1be2d957a538","machineName":"DBCS-014","routingCodeImbMatchingPortion":"19103672440","edocSubmitterCrid":"13861252","predictedDeliveryDate":null,"scanFacilityCity":"PHILADELPHIA","anticipatedDeliveryDate":"2022-01-03","scanFacilityState":"PA","scannerType":null,"imbStid":"271","imbSerialNumber":"011466","startTheClockDate":"2021-12-24","scanEventCode":"918","scanDatetime":"2022-01-01 13:45:42-0500","expectedDeliveryDate":"2021-12-29","handlingEventTypeDescription":"Actual","impb":null,"scanFacilityZip":"19176","imbTrackingCode":"00271901736682011466","imbRoutingCode":"19103672440","imbMid":"901736682","machineId":"014","handlingEventType":"A","edocJobId":"10675763","scanFacilityName":"PHILADELPHIA","mailClassDescription":"Standard","imb":"0027190173668201146619103672440"},{"scanLocaleKey":"005918","edocMailingGroupId":null,"idTag":null,"pieceId":"a8f75261-641e-11ec-84de-ada766615165","machineName":"DBCS-014","routingCodeImbMatchingPortion":"19107610917","edocSubmitterCrid":"13861252","predictedDeliveryDate":null,"scanFacilityCity":"PHILADELPHIA","anticipatedDeliveryDate":"2022-01-03","scanFacilityState":"PA","scannerType":null,"imbStid":"271","imbSerialNumber":"010946","startTheClockDate":"2021-12-24","scanEventCode":"918","scanDatetime":"2022-01-01 13:45:41-0500","expectedDeliveryDate":"2021-12-29","handlingEventTypeDescription":"Actual","impb":null,"scanFacilityZip":"19176","imbTrackingCode":"00271901736682010946","imbRoutingCode":"19107610917","imbMid":"901736682","machineId":"014","handlingEventType":"A","edocJobId":"10675763","scanFacilityName":"PHILADELPHIA","mailClassDescription":"Standard","imb":"0027190173668201094619107610917"},{"scanLocaleKey":"V27378","edocMailingGroupId":null,"idTag":null,"pieceId":"29ec961f-641e-11ec-bbb9-6326fa4cddd4","machineName":"DBCS-012","routingCodeImbMatchingPortion":"20878470110","edocSubmitterCrid":"13861252","predictedDeliveryDate":null,"scanFacilityCity":"GAITHERSBURG","anticipatedDeliveryDate":"2022-01-03","scanFacilityState":"MD","scannerType":null,"imbStid":"271","imbSerialNumber":"011259","startTheClockDate":"2021-12-24","scanEventCode":"918","scanDatetime":"2022-01-01 21:00:17-0500","expectedDeliveryDate":"2021-12-31","handlingEventTypeDescription":"Actual","impb":null,"scanFacilityZip":"20898","imbTrackingCode":"00271901736682011259","imbRoutingCode":"20878470110","imbMid":"901736682","machineId":"012","handlingEventType":"A","edocJobId":"10675763","scanFacilityName":"SUBURBAN MARYLAND","mailClassDescription":"Standard","imb":"0027190173668201125920878470110"},{"scanLocaleKey":"V21380","edocMailingGroupId":null,"idTag":null,"pieceId":"395b3d46-641e-11ec-857d-dbd5f39049a3","machineName":"DIOSS-006","routingCodeImbMatchingPortion":"19971143024","edocSubmitterCrid":"13861252","predictedDeliveryDate":null,"scanFacilityCity":"HISTORIC NEW CASTLE","anticipatedDeliveryDate":null,"scanFacilityState":"DE","scannerType":null,"imbStid":"271","imbSerialNumber":"011156","startTheClockDate":null,"scanEventCode":"893","scanDatetime":"2022-01-01 13:56:35-0500","expectedDeliveryDate":null,"handlingEventTypeDescription":"Actual","impb":null,"scanFacilityZip":"19850","imbTrackingCode":"00271901736682011156","imbRoutingCode":"19971143024","imbMid":"901736682","machineId":"006","handlingEventType":"A","edocJobId":"10675763","scanFacilityName":"WILMINGTON","mailClassDescription":"Standard","imb":"0027190173668201115619971143024"},{"scanLocaleKey":"V19160","edocMailingGroupId":null,"idTag":null,"pieceId":"844e4e31-5f66-11ec-85ef-9bb8e198555e","machineName":"DBCS-015","routingCodeImbMatchingPortion":"10459225467","edocSubmitterCrid":"13861252","predictedDeliveryDate":null,"scanFacilityCity":"NEW YORK","anticipatedDeliveryDate":"2022-01-03","scanFacilityState":"NY","scannerType":null,"imbStid":"271","imbSerialNumber":"047678","startTheClockDate":"2021-12-18","scanEventCode":"918","scanDatetime":"2022-01-01 18:56:35-0500","expectedDeliveryDate":"2021-12-24","handlingEventTypeDescription":"Actual","impb":null,"scanFacilityZip":"10199","imbTrackingCode":"00271901736682047678","imbRoutingCode":"10459225467","imbMid":"901736682","machineId":"015","handlingEventType":"A","edocJobId":"00672497","scanFacilityName":"NEW YORK","mailClassDescription":"Standard","imb":"0027190173668204767810459225467"},{"scanLocaleKey":"005918","edocMailingGroupId":null,"idTag":null,"pieceId":"579fe002-641c-11ec-86af-2d8677d0079b","machineName":"DBCS-014","routingCodeImbMatchingPortion":"19103130599","edocSubmitterCrid":"13861252","predictedDeliveryDate":null,"scanFacilityCity":"PHILADELPHIA","anticipatedDeliveryDate":"2022-01-03","scanFacilityState":"PA","scannerType":null,"imbStid":"271","imbSerialNumber":"011759","startTheClockDate":"2021-12-24","scanEventCode":"918","scanDatetime":"2022-01-01 13:45:41-0500","expectedDeliveryDate":"2021-12-29","handlingEventTypeDescription":"Actual","impb":null,"scanFacilityZip":"19176","imbTrackingCode":"00271901736682011759","imbRoutingCode":"19103130599","imbMid":"901736682","machineId":"014","handlingEventType":"A","edocJobId":"10675763","scanFacilityName":"PHILADELPHIA","mailClassDescription":"Standard","imb":"0027190173668201175919103130599"},{"scanLocaleKey":"005918","edocMailingGroupId":null,"idTag":null,"pieceId":"51adcf9f-641c-11ec-8e45-93ef0f34a3a0","machineName":"DBCS-014","routingCodeImbMatchingPortion":"19103150299","edocSubmitterCrid":"13861252","predictedDeliveryDate":null,"scanFacilityCity":"PHILADELPHIA","anticipatedDeliveryDate":"2022-01-03","scanFacilityState":"PA","scannerType":null,"imbStid":"271","imbSerialNumber":"011363","startTheClockDate":"2021-12-24","scanEventCode":"918","scanDatetime":"2022-01-01 13:45:41-0500","expectedDeliveryDate":"2021-12-29","handlingEventTypeDescription":"Actual","impb":null,"scanFacilityZip":"19176","imbTrackingCode":"00271901736682011363","imbRoutingCode":"19103150299","imbMid":"901736682","machineId":"014","handlingEventType":"A","edocJobId":"10675763","scanFacilityName":"PHILADELPHIA","mailClassDescription":"Standard","imb":"0027190173668201136319103150299"},{"scanLocaleKey":"005918","edocMailingGroupId":null,"idTag":null,"pieceId":"a3ecbbd5-641e-11ec-b690-eff642993ac6","machineName":"DBCS-014","routingCodeImbMatchingPortion":"19103130599","edocSubmitterCrid":"13861252","predictedDeliveryDate":null,"scanFacilityCity":"PHILADELPHIA","anticipatedDeliveryDate":"2022-01-03","scanFacilityState":"PA","scannerType":null,"imbStid":"271","imbSerialNumber":"009281","startTheClockDate":"2021-12-24","scanEventCode":"918","scanDatetime":"2022-01-01 13:45:42-0500","expectedDeliveryDate":"2021-12-29","handlingEventTypeDescription":"Actual","impb":null,"scanFacilityZip":"19176","imbTrackingCode":"00271901736682009281","imbRoutingCode":"19103130599","imbMid":"901736682","machineId":"014","handlingEventType":"A","edocJobId":"10675763","scanFacilityName":"PHILADELPHIA","mailClassDescription":"Standard","imb":"0027190173668200928119103130599"},{"scanLocaleKey":"V19160","edocMailingGroupId":null,"idTag":null,"pieceId":"844e4e31-5f66-11ec-85ef-9bb8e198555e","machineName":"DIOSS-074","routingCodeImbMatchingPortion":"10459225467","edocSubmitterCrid":"13861252","predictedDeliveryDate":null,"scanFacilityCity":"NEW YORK","anticipatedDeliveryDate":null,"scanFacilityState":"NY","scannerType":null,"imbStid":"271","imbSerialNumber":"047678","startTheClockDate":"2021-12-18","scanEventCode":"481","scanDatetime":"2022-01-01 10:52:21-0500","expectedDeliveryDate":"2021-12-24","handlingEventTypeDescription":"Actual","impb":null,"scanFacilityZip":"10199","imbTrackingCode":"00271901736682047678","imbRoutingCode":"10459225467","imbMid":"901736682","machineId":"074","handlingEventType":"A","edocJobId":"00672497","scanFacilityName":"NEW YORK","mailClassDescription":"Standard","imb":"0027190173668204767810459225467"},{"scanLocaleKey":"V27378","edocMailingGroupId":null,"idTag":null,"pieceId":"6c2683fa-641f-11ec-ae36-9179b4f003df","machineName":"DBCS-016","routingCodeImbMatchingPortion":"20904197874","edocSubmitterCrid":"13861252","predictedDeliveryDate":null,"scanFacilityCity":"GAITHERSBURG","anticipatedDeliveryDate":"2022-01-03","scanFacilityState":"MD","scannerType":null,"imbStid":"271","imbSerialNumber":"009545","startTheClockDate":"2021-12-24","scanEventCode":"918","scanDatetime":"2022-01-01 22:11:52-0500","expectedDeliveryDate":"2021-12-31","handlingEventTypeDescription":"Actual","impb":null,"scanFacilityZip":"20898","imbTrackingCode":"00271901736682009545","imbRoutingCode":"20904197874","imbMid":"901736682","machineId":"016","handlingEventType":"A","edocJobId":"10675763","scanFacilityName":"SUBURBAN MARYLAND","mailClassDescription":"Standard","imb":"0027190173668200954520904197874"},{"scanLocaleKey":"V22931","edocMailingGroupId":null,"idTag":null,"pieceId":"63e8fd21-61d3-11ec-9a76-6b4ed0c1efc0","machineName":"CIOSS-041","routingCodeImbMatchingPortion":"21921763293","edocSubmitterCrid":"13861252","predictedDeliveryDate":null,"scanFacilityCity":"BALTIMORE","anticipatedDeliveryDate":null,"scanFacilityState":"MD","scannerType":null,"imbStid":"271","imbSerialNumber":"025627","startTheClockDate":"2021-12-21","scanEventCode":"059","scanDatetime":"2022-01-01 14:20:20-0500","expectedDeliveryDate":"2021-12-27","handlingEventTypeDescription":"Actual","impb":null,"scanFacilityZip":"21233","imbTrackingCode":"00271901736682025627","imbRoutingCode":"21921763293","imbMid":"901736682","machineId":"041","handlingEventType":"A","edocJobId":"00670811","scanFacilityName":"BALTIMORE","mailClassDescription":"Standard","imb":"0027190173668202562721921763293"},{"scanLocaleKey":"005918","edocMailingGroupId":null,"idTag":null,"pieceId":"b5da45a5-641e-11ec-993a-cf18a53c8b2a","machineName":"DBCS-023","routingCodeImbMatchingPortion":"19081123430","edocSubmitterCrid":"13861252","predictedDeliveryDate":null,"scanFacilityCity":"PHILADELPHIA","anticipatedDeliveryDate":"2022-01-03","scanFacilityState":"PA","scannerType":null,"imbStid":"271","imbSerialNumber":"009881","startTheClockDate":"2021-12-24","scanEventCode":"918","scanDatetime":"2022-01-01 13:50:16-0500","expectedDeliveryDate":"2021-12-29","handlingEventTypeDescription":"Actual","impb":null,"scanFacilityZip":"19176","imbTrackingCode":"00271901736682009881","imbRoutingCode":"19081123430","imbMid":"901736682","machineId":"023","handlingEventType":"A","edocJobId":"10675763","scanFacilityName":"PHILADELPHIA","mailClassDescription":"Standard","imb":"0027190173668200988119081123430"},{"scanLocaleKey":"X18801","edocMailingGroupId":null,"idTag":null,"pieceId":"139a1269-5f66-11ec-9d41-e1e66304be90","machineName":"CIOSS-043","routingCodeImbMatchingPortion":"19805531114","edocSubmitterCrid":"13861252","predictedDeliveryDate":null,"scanFacilityCity":"HARRISBURG","anticipatedDeliveryDate":null,"scanFacilityState":"PA","scannerType":null,"imbStid":"271","imbSerialNumber":"058241","startTheClockDate":null,"scanEventCode":"098","scanDatetime":"2022-01-01 11:27:23-0500","expectedDeliveryDate":null,"handlingEventTypeDescription":"Actual","impb":null,"scanFacilityZip":"17107","imbTrackingCode":"00271901736682058241","imbRoutingCode":"19805531114","imbMid":"901736682","machineId":"043","handlingEventType":"A","edocJobId":"00672517","scanFacilityName":"HARRISBURG","mailClassDescription":"Standard","imb":"0027190173668205824119805531114"},{"scanLocaleKey":"V21380","edocMailingGroupId":null,"idTag":null,"pieceId":"39875665-641e-11ec-857d-dbd5f39049a3","machineName":"DIOSS-006","routingCodeImbMatchingPortion":"19971162986","edocSubmitterCrid":"13861252","predictedDeliveryDate":null,"scanFacilityCity":"HISTORIC NEW CASTLE","anticipatedDeliveryDate":null,"scanFacilityState":"DE","scannerType":null,"imbStid":"271","imbSerialNumber":"009801","startTheClockDate":null,"scanEventCode":"893","scanDatetime":"2022-01-01 13:46:23-0500","expectedDeliveryDate":null,"handlingEventTypeDescription":"Actual","impb":null,"scanFacilityZip":"19850","imbTrackingCode":"00271901736682009801","imbRoutingCode":"19971162986","imbMid":"901736682","machineId":"006","handlingEventType":"A","edocJobId":"10675763","scanFacilityName":"WILMINGTON","mailClassDescription":"Standard","imb":"0027190173668200980119971162986"},{"scanLocaleKey":"V27378","edocMailingGroupId":null,"idTag":null,"pieceId":"aef3c31b-641e-11ec-b690-eff642993ac6","machineName":"DBCS-018","routingCodeImbMatchingPortion":"20854342304","edocSubmitterCrid":"13861252","predictedDeliveryDate":null,"scanFacilityCity":"GAITHERSBURG","anticipatedDeliveryDate":"2022-01-03","scanFacilityState":"MD","scannerType":null,"imbStid":"271","imbSerialNumber":"011155","startTheClockDate":"2021-12-24","scanEventCode":"918","scanDatetime":"2022-01-01 22:08:25-0500","expectedDeliveryDate":"2021-12-31","handlingEventTypeDescription":"Actual","impb":null,"scanFacilityZip":"20898","imbTrackingCode":"00271901736682011155","imbRoutingCode":"20854342304","imbMid":"901736682","machineId":"018","handlingEventType":"A","edocJobId":"10675763","scanFacilityName":"SUBURBAN MARYLAND","mailClassDescription":"Standard","imb":"0027190173668201115520854342304"},{"scanLocaleKey":"005918","edocMailingGroupId":null,"idTag":null,"pieceId":"a9c291a5-641e-11ec-b438-b1a87e91d745","machineName":"DBCS-018","routingCodeImbMatchingPortion":"19034180218","edocSubmitterCrid":"13861252","predictedDeliveryDate":null,"scanFacilityCity":"PHILADELPHIA","anticipatedDeliveryDate":null,"scanFacilityState":"PA","scannerType":null,"imbStid":"271","imbSerialNumber":"011610","startTheClockDate":"2021-12-24","scanEventCode":"893","scanDatetime":"2022-01-01 09:29:53-0500","expectedDeliveryDate":"2021-12-29","handlingEventTypeDescription":"Actual","impb":null,"scanFacilityZip":"19176","imbTrackingCode":"00271901736682011610","imbRoutingCode":"19034180218","imbMid":"901736682","machineId":"018","handlingEventType":"A","edocJobId":"10675763","scanFacilityName":"PHILADELPHIA","mailClassDescription":"Standard","imb":"0027190173668201161019034180218"},{"scanLocaleKey":"V27378","edocMailingGroupId":null,"idTag":null,"pieceId":"b3a89891-641e-11ec-993a-cf18a53c8b2a","machineName":"DIOSS-025","routingCodeImbMatchingPortion":"20910431421","edocSubmitterCrid":"13861252","predictedDeliveryDate":null,"scanFacilityCity":"GAITHERSBURG","anticipatedDeliveryDate":"2022-01-03","scanFacilityState":"MD","scannerType":null,"imbStid":"271","imbSerialNumber":"010446","startTheClockDate":"2021-12-24","scanEventCode":"918","scanDatetime":"2022-01-01 22:11:16-0500","expectedDeliveryDate":"2021-12-31","handlingEventTypeDescription":"Actual","impb":null,"scanFacilityZip":"20898","imbTrackingCode":"00271901736682010446","imbRoutingCode":"20910431421","imbMid":"901736682","machineId":"025","handlingEventType":"A","edocJobId":"10675763","scanFacilityName":"SUBURBAN MARYLAND","mailClassDescription":"Standard","imb":"0027190173668201044620910431421"},{"scanLocaleKey":"X29745","edocMailingGroupId":null,"idTag":null,"pieceId":"7d9f7d71-5f66-11ec-8216-f1848fac82a4","machineName":"DIOSS-017","routingCodeImbMatchingPortion":"22603387910","edocSubmitterCrid":"13861252","predictedDeliveryDate":null,"scanFacilityCity":"STERLING","anticipatedDeliveryDate":null,"scanFacilityState":"VA","scannerType":null,"imbStid":"271","imbSerialNumber":"046235","startTheClockDate":"2021-12-18","scanEventCode":"893","scanDatetime":"2022-01-01 00:07:48-0500","expectedDeliveryDate":"2021-12-24","handlingEventTypeDescription":"Actual","impb":null,"scanFacilityZip":"20101","imbTrackingCode":"00271901736682046235","imbRoutingCode":"22603387910","imbMid":"901736682","machineId":"017","handlingEventType":"A","edocJobId":"00672497","scanFacilityName":"DULLES","mailClassDescription":"Standard","imb":"0027190173668204623522603387910"},{"scanLocaleKey":"X29745","edocMailingGroupId":null,"idTag":null,"pieceId":"a1146e71-641e-11ec-b242-c73c5773ffd2","machineName":"DIOSS-017","routingCodeImbMatchingPortion":"20194144797","edocSubmitterCrid":"13861252","predictedDeliveryDate":null,"scanFacilityCity":"STERLING","anticipatedDeliveryDate":null,"scanFacilityState":"VA","scannerType":null,"imbStid":"271","imbSerialNumber":"009228","startTheClockDate":"2021-12-24","scanEventCode":"893","scanDatetime":"2022-01-01 00:07:48-0500","expectedDeliveryDate":"2021-12-30","handlingEventTypeDescription":"Actual","impb":null,"scanFacilityZip":"20101","imbTrackingCode":"00271901736682009228","imbRoutingCode":"20194144797","imbMid":"901736682","machineId":"017","handlingEventType":"A","edocJobId":"10675763","scanFacilityName":"DULLES","mailClassDescription":"Standard","imb":"0027190173668200922820194144797"},{"scanLocaleKey":"005918","edocMailingGroupId":null,"idTag":null,"pieceId":"b2375568-641e-11ec-993a-cf18a53c8b2a","machineName":"DBCS-015","routingCodeImbMatchingPortion":"19102450684","edocSubmitterCrid":"13861252","predictedDeliveryDate":null,"scanFacilityCity":"PHILADELPHIA","anticipatedDeliveryDate":"2022-01-03","scanFacilityState":"PA","scannerType":null,"imbStid":"271","imbSerialNumber":"009960","startTheClockDate":"2021-12-24","scanEventCode":"918","scanDatetime":"2022-01-01 19:56:16-0500","expectedDeliveryDate":"2021-12-29","handlingEventTypeDescription":"Actual","impb":null,"scanFacilityZip":"19176","imbTrackingCode":"00271901736682009960","imbRoutingCode":"19102450684","imbMid":"901736682","machineId":"015","handlingEventType":"A","edocJobId":"10675763","scanFacilityName":"PHILADELPHIA","mailClassDescription":"Standard","imb":"0027190173668200996019102450684"},{"scanLocaleKey":"005918","edocMailingGroupId":null,"idTag":null,"pieceId":"284045aa-641e-11ec-b690-eff642993ac6","machineName":"DBCS-015","routingCodeImbMatchingPortion":"19102443224","edocSubmitterCrid":"13861252","predictedDeliveryDate":null,"scanFacilityCity":"PHILADELPHIA","anticipatedDeliveryDate":"2022-01-03","scanFacilityState":"PA","scannerType":null,"imbStid":"271","imbSerialNumber":"009656","startTheClockDate":"2021-12-24","scanEventCode":"918","scanDatetime":"2022-01-01 19:56:16-0500","expectedDeliveryDate":"2021-12-29","handlingEventTypeDescription":"Actual","impb":null,"scanFacilityZip":"19176","imbTrackingCode":"00271901736682009656","imbRoutingCode":"19102443224","imbMid":"901736682","machineId":"015","handlingEventType":"A","edocJobId":"10675763","scanFacilityName":"PHILADELPHIA","mailClassDescription":"Standard","imb":"0027190173668200965619102443224"},{"scanLocaleKey":"V27378","edocMailingGroupId":null,"idTag":null,"pieceId":"2b6ec944-641e-11ec-a5ad-39d6c721fae2","machineName":"DIOSS-023","routingCodeImbMatchingPortion":"20814296354","edocSubmitterCrid":"13861252","predictedDeliveryDate":null,"scanFacilityCity":"GAITHERSBURG","anticipatedDeliveryDate":"2022-01-03","scanFacilityState":"MD","scannerType":null,"imbStid":"271","imbSerialNumber":"011392","startTheClockDate":"2021-12-24","scanEventCode":"918","scanDatetime":"2022-01-01 22:04:29-0500","expectedDeliveryDate":"2021-12-31","handlingEventTypeDescription":"Actual","impb":null,"scanFacilityZip":"20898","imbTrackingCode":"00271901736682011392","imbRoutingCode":"20814296354","imbMid":"901736682","machineId":"023","handlingEventType":"A","edocJobId":"10675763","scanFacilityName":"SUBURBAN MARYLAND","mailClassDescription":"Standard","imb":"0027190173668201139220814296354"},{"scanLocaleKey":"V27378","edocMailingGroupId":null,"idTag":null,"pieceId":"6c2683fa-641f-11ec-ae36-9179b4f003df","machineName":"DIOSS-023","routingCodeImbMatchingPortion":"20904197874","edocSubmitterCrid":"13861252","predictedDeliveryDate":null,"scanFacilityCity":"GAITHERSBURG","anticipatedDeliveryDate":null,"scanFacilityState":"MD","scannerType":null,"imbStid":"271","imbSerialNumber":"009545","startTheClockDate":"2021-12-24","scanEventCode":"893","scanDatetime":"2022-01-01 16:14:10-0500","expectedDeliveryDate":"2021-12-31","handlingEventTypeDescription":"Actual","impb":null,"scanFacilityZip":"20898","imbTrackingCode":"00271901736682009545","imbRoutingCode":"20904197874","imbMid":"901736682","machineId":"023","handlingEventType":"A","edocJobId":"10675763","scanFacilityName":"SUBURBAN MARYLAND","mailClassDescription":"Standard","imb":"0027190173668200954520904197874"},{"scanLocaleKey":"V27378","edocMailingGroupId":null,"idTag":null,"pieceId":"29ec961f-641e-11ec-bbb9-6326fa4cddd4","machineName":"DIOSS-023","routingCodeImbMatchingPortion":"20878470110","edocSubmitterCrid":"13861252","predictedDeliveryDate":null,"scanFacilityCity":"GAITHERSBURG","anticipatedDeliveryDate":null,"scanFacilityState":"MD","scannerType":null,"imbStid":"271","imbSerialNumber":"011259","startTheClockDate":"2021-12-24","scanEventCode":"893","scanDatetime":"2022-01-01 16:14:09-0500","expectedDeliveryDate":"2021-12-31","handlingEventTypeDescription":"Actual","impb":null,"scanFacilityZip":"20898","imbTrackingCode":"00271901736682011259","imbRoutingCode":"20878470110","imbMid":"901736682","machineId":"023","handlingEventType":"A","edocJobId":"10675763","scanFacilityName":"SUBURBAN MARYLAND","mailClassDescription":"Standard","imb":"0027190173668201125920878470110"},{"scanLocaleKey":"V27378","edocMailingGroupId":null,"idTag":null,"pieceId":"a5552562-641e-11ec-9ca2-8f09543947eb","machineName":"DIOSS-023","routingCodeImbMatchingPortion":"20901290903","edocSubmitterCrid":"13861252","predictedDeliveryDate":null,"scanFacilityCity":"GAITHERSBURG","anticipatedDeliveryDate":null,"scanFacilityState":"MD","scannerType":null,"imbStid":"271","imbSerialNumber":"009285","startTheClockDate":"2021-12-24","scanEventCode":"893","scanDatetime":"2022-01-01 16:14:10-0500","expectedDeliveryDate":"2021-12-31","handlingEventTypeDescription":"Actual","impb":null,"scanFacilityZip":"20898","imbTrackingCode":"00271901736682009285","imbRoutingCode":"20901290903","imbMid":"901736682","machineId":"023","handlingEventType":"A","edocJobId":"10675763","scanFacilityName":"SUBURBAN MARYLAND","mailClassDescription":"Standard","imb":"0027190173668200928520901290903"},{"scanLocaleKey":"V27378","edocMailingGroupId":null,"idTag":null,"pieceId":"aef3c31b-641e-11ec-b690-eff642993ac6","machineName":"DIOSS-023","routingCodeImbMatchingPortion":"20854342304","edocSubmitterCrid":"13861252","predictedDeliveryDate":null,"scanFacilityCity":"GAITHERSBURG","anticipatedDeliveryDate":null,"scanFacilityState":"MD","scannerType":null,"imbStid":"271","imbSerialNumber":"011155","startTheClockDate":"2021-12-24","scanEventCode":"893","scanDatetime":"2022-01-01 16:14:09-0500","expectedDeliveryDate":"2021-12-31","handlingEventTypeDescription":"Actual","impb":null,"scanFacilityZip":"20898","imbTrackingCode":"00271901736682011155","imbRoutingCode":"20854342304","imbMid":"901736682","machineId":"023","handlingEventType":"A","edocJobId":"10675763","scanFacilityName":"SUBURBAN MARYLAND","mailClassDescription":"Standard","imb":"0027190173668201115520854342304"},{"scanLocaleKey":"V27378","edocMailingGroupId":null,"idTag":null,"pieceId":"b3a89891-641e-11ec-993a-cf18a53c8b2a","machineName":"DIOSS-023","routingCodeImbMatchingPortion":"20910431421","edocSubmitterCrid":"13861252","predictedDeliveryDate":null,"scanFacilityCity":"GAITHERSBURG","anticipatedDeliveryDate":null,"scanFacilityState":"MD","scannerType":null,"imbStid":"271","imbSerialNumber":"010446","startTheClockDate":"2021-12-24","scanEventCode":"893","scanDatetime":"2022-01-01 16:14:10-0500","expectedDeliveryDate":"2021-12-31","handlingEventTypeDescription":"Actual","impb":null,"scanFacilityZip":"20898","imbTrackingCode":"00271901736682010446","imbRoutingCode":"20910431421","imbMid":"901736682","machineId":"023","handlingEventType":"A","edocJobId":"10675763","scanFacilityName":"SUBURBAN MARYLAND","mailClassDescription":"Standard","imb":"0027190173668201044620910431421"},{"scanLocaleKey":"V27378","edocMailingGroupId":null,"idTag":null,"pieceId":"2b6ec944-641e-11ec-a5ad-39d6c721fae2","machineName":"DIOSS-023","routingCodeImbMatchingPortion":"20814296354","edocSubmitterCrid":"13861252","predictedDeliveryDate":null,"scanFacilityCity":"GAITHERSBURG","anticipatedDeliveryDate":null,"scanFacilityState":"MD","scannerType":null,"imbStid":"271","imbSerialNumber":"011392","startTheClockDate":"2021-12-24","scanEventCode":"893","scanDatetime":"2022-01-01 16:14:09-0500","expectedDeliveryDate":"2021-12-31","handlingEventTypeDescription":"Actual","impb":null,"scanFacilityZip":"20898","imbTrackingCode":"00271901736682011392","imbRoutingCode":"20814296354","imbMid":"901736682","machineId":"023","handlingEventType":"A","edocJobId":"10675763","scanFacilityName":"SUBURBAN MARYLAND","mailClassDescription":"Standard","imb":"0027190173668201139220814296354"},{"scanLocaleKey":"X29745","edocMailingGroupId":null,"idTag":null,"pieceId":"526d9d21-641c-11ec-8e45-93ef0f34a3a0","machineName":"DIOSS-017","routingCodeImbMatchingPortion":"20191130682","edocSubmitterCrid":"13861252","predictedDeliveryDate":null,"scanFacilityCity":"STERLING","anticipatedDeliveryDate":null,"scanFacilityState":"VA","scannerType":null,"imbStid":"271","imbSerialNumber":"009911","startTheClockDate":"2021-12-24","scanEventCode":"893","scanDatetime":"2022-01-01 00:07:48-0500","expectedDeliveryDate":"2021-12-30","handlingEventTypeDescription":"Actual","impb":null,"scanFacilityZip":"20101","imbTrackingCode":"00271901736682009911","imbRoutingCode":"20191130682","imbMid":"901736682","machineId":"017","handlingEventType":"A","edocJobId":"10675763","scanFacilityName":"DULLES","mailClassDescription":"Standard","imb":"0027190173668200991120191130682"},{"scanLocaleKey":"X18801","edocMailingGroupId":null,"idTag":null,"pieceId":"6e76b8ec-5f66-11ec-9d41-e1e66304be90","machineName":"CIOSS-041","routingCodeImbMatchingPortion":"198023444","edocSubmitterCrid":"13861252","predictedDeliveryDate":null,"scanFacilityCity":"HARRISBURG","anticipatedDeliveryDate":null,"scanFacilityState":"PA","scannerType":null,"imbStid":"271","imbSerialNumber":"049965","startTheClockDate":null,"scanEventCode":"058","scanDatetime":"2022-01-01 00:25:26-0500","expectedDeliveryDate":null,"handlingEventTypeDescription":"Actual","impb":null,"scanFacilityZip":"17107","imbTrackingCode":"00271901736682049965","imbRoutingCode":"19802344407","imbMid":"901736682","machineId":"041","handlingEventType":"A","edocJobId":"00672497","scanFacilityName":"HARRISBURG","mailClassDescription":"Standard","imb":"0027190173668204996519802344407"},{"scanLocaleKey":"V21380","edocMailingGroupId":null,"idTag":null,"pieceId":"a9fe8942-641e-11ec-bc50-1be2d957a538","machineName":"DIOSS-006","routingCodeImbMatchingPortion":"19971281540","edocSubmitterCrid":"13861252","predictedDeliveryDate":null,"scanFacilityCity":"HISTORIC NEW CASTLE","anticipatedDeliveryDate":null,"scanFacilityState":"DE","scannerType":null,"imbStid":"271","imbSerialNumber":"010879","startTheClockDate":null,"scanEventCode":"893","scanDatetime":"2022-01-01 13:46:23-0500","expectedDeliveryDate":null,"handlingEventTypeDescription":"Actual","impb":null,"scanFacilityZip":"19850","imbTrackingCode":"00271901736682010879","imbRoutingCode":"19971281540","imbMid":"901736682","machineId":"006","handlingEventType":"A","edocJobId":"10675763","scanFacilityName":"WILMINGTON","mailClassDescription":"Standard","imb":"0027190173668201087919971281540"},{"scanLocaleKey":"Y15308","edocMailingGroupId":null,"idTag":null,"pieceId":"78dcc544-5f66-11ec-8216-f1848fac82a4","machineName":"DBCS-004","routingCodeImbMatchingPortion":"28571923004","edocSubmitterCrid":"13861252","predictedDeliveryDate":null,"scanFacilityCity":"FAYETTEVILLE","anticipatedDeliveryDate":"2022-01-03","scanFacilityState":"NC","scannerType":null,"imbStid":"271","imbSerialNumber":"045730","startTheClockDate":"2021-12-18","scanEventCode":"918","scanDatetime":"2022-01-02 00:57:43-0500","expectedDeliveryDate":"2021-12-24","handlingEventTypeDescription":"Actual","impb":null,"scanFacilityZip":"28302","imbTrackingCode":"00271901736682045730","imbRoutingCode":"28571923004","imbMid":"901736682","machineId":"004","handlingEventType":"A","edocJobId":"00672497","scanFacilityName":"FAYETTEVILLE","mailClassDescription":"Standard","imb":"0027190173668204573028571923004"},{"scanLocaleKey":"Y15308","edocMailingGroupId":null,"idTag":null,"pieceId":"78dcc544-5f66-11ec-8216-f1848fac82a4","machineName":"DBCS-015","routingCodeImbMatchingPortion":"28571923004","edocSubmitterCrid":"13861252","predictedDeliveryDate":null,"scanFacilityCity":"FAYETTEVILLE","anticipatedDeliveryDate":null,"scanFacilityState":"NC","scannerType":null,"imbStid":"271","imbSerialNumber":"045730","startTheClockDate":"2021-12-18","scanEventCode":"894","scanDatetime":"2022-01-01 01:29:25-0500","expectedDeliveryDate":"2021-12-24","handlingEventTypeDescription":"Actual","impb":null,"scanFacilityZip":"28302","imbTrackingCode":"00271901736682045730","imbRoutingCode":"28571923004","imbMid":"901736682","machineId":"015","handlingEventType":"A","edocJobId":"00672497","scanFacilityName":"FAYETTEVILLE","mailClassDescription":"Standard","imb":"0027190173668204573028571923004"},{"scanLocaleKey":"V21380","edocMailingGroupId":null,"idTag":null,"pieceId":"0a2ac206-5f66-11ec-ac4b-057187057dc1","machineName":"DIOSS-004","routingCodeImbMatchingPortion":"19805420808","edocSubmitterCrid":"13861252","predictedDeliveryDate":null,"scanFacilityCity":"HISTORIC NEW CASTLE","anticipatedDeliveryDate":null,"scanFacilityState":"DE","scannerType":null,"imbStid":"271","imbSerialNumber":"060100","startTheClockDate":null,"scanEventCode":"483","scanDatetime":"2022-01-01 12:43:46-0500","expectedDeliveryDate":null,"handlingEventTypeDescription":"Actual","impb":null,"scanFacilityZip":"19850","imbTrackingCode":"00271901736682060100","imbRoutingCode":"19805420808","imbMid":"901736682","machineId":"004","handlingEventType":"A","edocJobId":"00672517","scanFacilityName":"WILMINGTON","mailClassDescription":"Standard","imb":"0027190173668206010019805420808"},{"scanLocaleKey":"V21380","edocMailingGroupId":null,"idTag":null,"pieceId":"28f87217-641e-11ec-bbb9-6326fa4cddd4","machineName":"DIOSS-006","routingCodeImbMatchingPortion":"19971875473","edocSubmitterCrid":"13861252","predictedDeliveryDate":null,"scanFacilityCity":"HISTORIC NEW CASTLE","anticipatedDeliveryDate":null,"scanFacilityState":"DE","scannerType":null,"imbStid":"271","imbSerialNumber":"010542","startTheClockDate":null,"scanEventCode":"893","scanDatetime":"2022-01-01 13:56:36-0500","expectedDeliveryDate":null,"handlingEventTypeDescription":"Actual","impb":null,"scanFacilityZip":"19850","imbTrackingCode":"00271901736682010542","imbRoutingCode":"19971875473","imbMid":"901736682","machineId":"006","handlingEventType":"A","edocJobId":"10675763","scanFacilityName":"WILMINGTON","mailClassDescription":"Standard","imb":"0027190173668201054219971875473"},{"scanLocaleKey":"V21380","edocMailingGroupId":null,"idTag":null,"pieceId":"29d05b8b-641e-11ec-986b-1f11e3b6224c","machineName":"DIOSS-006","routingCodeImbMatchingPortion":"19971133319","edocSubmitterCrid":"13861252","predictedDeliveryDate":null,"scanFacilityCity":"HISTORIC NEW CASTLE","anticipatedDeliveryDate":null,"scanFacilityState":"DE","scannerType":null,"imbStid":"271","imbSerialNumber":"011297","startTheClockDate":null,"scanEventCode":"893","scanDatetime":"2022-01-01 13:56:35-0500","expectedDeliveryDate":null,"handlingEventTypeDescription":"Actual","impb":null,"scanFacilityZip":"19850","imbTrackingCode":"00271901736682011297","imbRoutingCode":"19971133319","imbMid":"901736682","machineId":"006","handlingEventType":"A","edocJobId":"10675763","scanFacilityName":"WILMINGTON","mailClassDescription":"Standard","imb":"0027190173668201129719971133319"},{"scanLocaleKey":"V21380","edocMailingGroupId":null,"idTag":null,"pieceId":"68421dd5-641f-11ec-ae36-9179b4f003df","machineName":"DIOSS-006","routingCodeImbMatchingPortion":"19971133617","edocSubmitterCrid":"13861252","predictedDeliveryDate":null,"scanFacilityCity":"HISTORIC NEW CASTLE","anticipatedDeliveryDate":null,"scanFacilityState":"DE","scannerType":null,"imbStid":"271","imbSerialNumber":"010830","startTheClockDate":null,"scanEventCode":"893","scanDatetime":"2022-01-01 13:56:35-0500","expectedDeliveryDate":null,"handlingEventTypeDescription":"Actual","impb":null,"scanFacilityZip":"19850","imbTrackingCode":"00271901736682010830","imbRoutingCode":"19971133617","imbMid":"901736682","machineId":"006","handlingEventType":"A","edocJobId":"10675763","scanFacilityName":"WILMINGTON","mailClassDescription":"Standard","imb":"0027190173668201083019971133617"},{"scanLocaleKey":"V21380","edocMailingGroupId":null,"idTag":null,"pieceId":"a01e2795-641e-11ec-bc50-1be2d957a538","machineName":"DIOSS-006","routingCodeImbMatchingPortion":"19971106603","edocSubmitterCrid":"13861252","predictedDeliveryDate":null,"scanFacilityCity":"HISTORIC NEW CASTLE","anticipatedDeliveryDate":null,"scanFacilityState":"DE","scannerType":null,"imbStid":"271","imbSerialNumber":"009494","startTheClockDate":null,"scanEventCode":"893","scanDatetime":"2022-01-01 13:56:35-0500","expectedDeliveryDate":null,"handlingEventTypeDescription":"Actual","impb":null,"scanFacilityZip":"19850","imbTrackingCode":"00271901736682009494","imbRoutingCode":"19971106603","imbMid":"901736682","machineId":"006","handlingEventType":"A","edocJobId":"10675763","scanFacilityName":"WILMINGTON","mailClassDescription":"Standard","imb":"0027190173668200949419971106603"},{"scanLocaleKey":"V21380","edocMailingGroupId":null,"idTag":null,"pieceId":"3c835841-641e-11ec-857d-dbd5f39049a3","machineName":"DIOSS-006","routingCodeImbMatchingPortion":"19971224905","edocSubmitterCrid":"13861252","predictedDeliveryDate":null,"scanFacilityCity":"HISTORIC NEW CASTLE","anticipatedDeliveryDate":null,"scanFacilityState":"DE","scannerType":null,"imbStid":"271","imbSerialNumber":"010108","startTheClockDate":null,"scanEventCode":"893","scanDatetime":"2022-01-01 13:56:35-0500","expectedDeliveryDate":null,"handlingEventTypeDescription":"Actual","impb":null,"scanFacilityZip":"19850","imbTrackingCode":"00271901736682010108","imbRoutingCode":"19971224905","imbMid":"901736682","machineId":"006","handlingEventType":"A","edocJobId":"10675763","scanFacilityName":"WILMINGTON","mailClassDescription":"Standard","imb":"0027190173668201010819971224905"},{"scanLocaleKey":"V21380","edocMailingGroupId":null,"idTag":null,"pieceId":"22c512e5-641e-11ec-bbb9-6326fa4cddd4","machineName":"DIOSS-006","routingCodeImbMatchingPortion":"19971161307","edocSubmitterCrid":"13861252","predictedDeliveryDate":null,"scanFacilityCity":"HISTORIC NEW CASTLE","anticipatedDeliveryDate":null,"scanFacilityState":"DE","scannerType":null,"imbStid":"271","imbSerialNumber":"010587","startTheClockDate":null,"scanEventCode":"893","scanDatetime":"2022-01-01 13:56:20-0500","expectedDeliveryDate":null,"handlingEventTypeDescription":"Actual","impb":null,"scanFacilityZip":"19850","imbTrackingCode":"00271901736682010587","imbRoutingCode":"19971161307","imbMid":"901736682","machineId":"006","handlingEventType":"A","edocJobId":"10675763","scanFacilityName":"WILMINGTON","mailClassDescription":"Standard","imb":"0027190173668201058719971161307"},{"scanLocaleKey":"V21380","edocMailingGroupId":null,"idTag":null,"pieceId":"b09bcdc5-641e-11ec-9ca2-8f09543947eb","machineName":"DIOSS-006","routingCodeImbMatchingPortion":"19971222501","edocSubmitterCrid":"13861252","predictedDeliveryDate":null,"scanFacilityCity":"HISTORIC NEW CASTLE","anticipatedDeliveryDate":null,"scanFacilityState":"DE","scannerType":null,"imbStid":"271","imbSerialNumber":"011628","startTheClockDate":null,"scanEventCode":"893","scanDatetime":"2022-01-01 13:56:35-0500","expectedDeliveryDate":null,"handlingEventTypeDescription":"Actual","impb":null,"scanFacilityZip":"19850","imbTrackingCode":"00271901736682011628","imbRoutingCode":"19971222501","imbMid":"901736682","machineId":"006","handlingEventType":"A","edocJobId":"10675763","scanFacilityName":"WILMINGTON","mailClassDescription":"Standard","imb":"0027190173668201162819971222501"}],"msgGrpId":"1641114109655MXDY89S","msgSerNbr":1,"totMsgCnt":1,"recCnt":54,"totRecCnt":54}