{"events":[{"scanLocaleKey":"V21380","edocMailingGroupId":null,"idTag":null,"pieceId":"29ba6281-641e-11ec-a5ad-39d6c721fae2","machineName":"DBCS-008","routingCodeImbMatchingPortion":"19971145411","edocSubmitterCrid":"13861252","predictedDeliveryDate":null,"scanFacilityCity":"HISTORIC NEW CASTLE","anticipatedDeliveryDate":"2022-01-03","scanFacilityState":"DE","scannerType":null,"imbStid":"271","imbSerialNumber":"011597","startTheClockDate":null,"scanEventCode":"918","scanDatetime":"2022-01-02 11:21:38-0500","expectedDeliveryDate":null,"handlingEventTypeDescription":"Actual","impb":null,"scanFacilityZip":"19850","imbTrackingCode":"00271901736682011597","imbRoutingCode":"19971145411","imbMid":"901736682","machineId":"008","handlingEventType":"A","edocJobId":"10675763","scanFacilityName":"WILMINGTON","mailClassDescription":"Standard","imb":"0027190173668201159719971145411"},{"scanLocaleKey":"V21380","edocMailingGroupId":null,"idTag":null,"pieceId":"3c835841-641e-11ec-857d-dbd5f39049a3","machineName":"DBCS-008","routingCodeImbMatchingPortion":"19971224905","edocSubmitterCrid":"13861252","predictedDeliveryDate":null,"scanFacilityCity":"HISTORIC NEW CASTLE","anticipatedDeliveryDate":"2022-01-03","scanFacilityState":"DE","scannerType":null,"imbStid":"271","imbSerialNumber":"010108","startTheClockDate":null,"scanEventCode":"918","scanDatetime":"2022-01-02 11:21:39-0500","expectedDeliveryDate":null,"handlingEventTypeDescription":"Actual","impb":null,"scanFacilityZip":"19850","imbTrackingCode":"00271901736682010108","imbRoutingCode":"19971224905","imbMid":"901736682","machineId":"008","handlingEventType":"A","edocJobId":"10675763","scanFacilityName":"WILMINGTON","mailClassDescription":"Standard","imb":"0027190173668201010819971224905"},{"scanLocaleKey":"V21380","edocMailingGroupId":null,"idTag":null,"pieceId":"29d05b8b-641e-11ec-986b-1f11e3b6224c","machineName":"DBCS-008","routingCodeImbMatchingPortion":"19971133319","edocSubmitterCrid":"13861252","predictedDeliveryDate":null,"scanFacilityCity":"HISTORIC NEW CASTLE","anticipatedDeliveryDate":"2022-01-03","scanFacilityState":"DE","scannerType":null,"imbStid":"271","imbSerialNumber":"011297","startTheClockDate":null,"scanEventCode":"918","scanDatetime":"2022-01-02 11:21:39-0500","expectedDeliveryDate":null,"handlingEventTypeDescription":"Actual","impb":null,"scanFacilityZip":"19850","imbTrackingCode":"00271901736682011297","imbRoutingCode":"19971133319","imbMid":"901736682","machineId":"008","handlingEventType":"A","edocJobId":"10675763","scanFacilityName":"WILMINGTON","mailClassDescription":"Standard","imb":"0027190173668201129719971133319"},{"scanLocaleKey":"V21380","edocMailingGroupId":null,"idTag":null,"pieceId":"a35bc66d-641e-11ec-9ca2-8f09543947eb","machineName":"DBCS-008","routingCodeImbMatchingPortion":"19971105975","edocSubmitterCrid":"13861252","predictedDeliveryDate":null,"scanFacilityCity":"HISTORIC NEW CASTLE","anticipatedDeliveryDate":"2022-01-03","scanFacilityState":"DE","scannerType":null,"imbStid":"271","imbSerialNumber":"010082","startTheClockDate":null,"scanEventCode":"918","scanDatetime":"2022-01-02 11:21:39-0500","expectedDeliveryDate":null,"handlingEventTypeDescription":"Actual","impb":null,"scanFacilityZip":"19850","imbTrackingCode":"00271901736682010082","imbRoutingCode":"19971105975","imbMid":"901736682","machineId":"008","handlingEventType":"A","edocJobId":"10675763","scanFacilityName":"WILMINGTON","mailClassDescription":"Standard","imb":"0027190173668201008219971105975"},{"scanLocaleKey":"V21380","edocMailingGroupId":null,"idTag":null,"pieceId":"28f87217-641e-11ec-bbb9-6326fa4cddd4","machineName":"DBCS-008","routingCodeImbMatchingPortion":"19971875473","edocSubmitterCrid":"13861252","predictedDeliveryDate":null,"scanFacilityCity":"HISTORIC NEW CASTLE","anticipatedDeliveryDate":"2022-01-03","scanFacilityState":"DE","scannerType":null,"imbStid":"271","imbSerialNumber":"010542","startTheClockDate":null,"scanEventCode":"918","scanDatetime":"2022-01-02 11:21:38-0500","expectedDeliveryDate":null,"handlingEventTypeDescription":"Actual","impb":null,"scanFacilityZip":"19850","imbTrackingCode":"00271901736682010542","imbRoutingCode":"19971875473","imbMid":"901736682","machineId":"008","handlingEventType":"A","edocJobId":"10675763","scanFacilityName":"WILMINGTON","mailClassDescription":"Standard","imb":"0027190173668201054219971875473"},{"scanLocaleKey":"V21380","edocMailingGroupId":null,"idTag":null,"pieceId":"262afa3c-641e-11ec-986b-1f11e3b6224c","machineName":"DBCS-008","routingCodeImbMatchingPortion":"19971158051","edocSubmitterCrid":"13861252","predictedDeliveryDate":null,"scanFacilityCity":"HISTORIC NEW CASTLE","anticipatedDeliveryDate":"2022-01-03","scanFacilityState":"DE","scannerType":null,"imbStid":"271","imbSerialNumber":"010397","startTheClockDate":null,"scanEventCode":"918","scanDatetime":"2022-01-02 11:21:50-0500","expectedDeliveryDate":null,"handlingEventTypeDescription":"Actual","impb":null,"scanFacilityZip":"19850","imbTrackingCode":"00271901736682010397","imbRoutingCode":"19971158051","imbMid":"901736682","machineId":"008","handlingEventType":"A","edocJobId":"10675763","scanFacilityName":"WILMINGTON","mailClassDescription":"Standard","imb":"0027190173668201039719971158051"},{"scanLocaleKey":"V21380","edocMailingGroupId":null,"idTag":null,"pieceId":"b36d645a-641e-11ec-9160-abc08239cebc","machineName":"DBCS-008","routingCodeImbMatchingPortion":"19971280618","edocSubmitterCrid":"13861252","predictedDeliveryDate":null,"scanFacilityCity":"HISTORIC NEW CASTLE","anticipatedDeliveryDate":"2022-01-03","scanFacilityState":"DE","scannerType":null,"imbStid":"271","imbSerialNumber":"009146","startTheClockDate":null,"scanEventCode":"919","scanDatetime":"2022-01-02 14:44:52-0500","expectedDeliveryDate":null,"handlingEventTypeDescription":"Actual","impb":null,"scanFacilityZip":"19850","imbTrackingCode":"00271901736682009146","imbRoutingCode":"19971280618","imbMid":"901736682","machineId":"008","handlingEventType":"A","edocJobId":"10675763","scanFacilityName":"WILMINGTON","mailClassDescription":"Standard","imb":"0027190173668200914619971280618"},{"scanLocaleKey":"V19356","edocMailingGroupId":null,"idTag":null,"pieceId":"6f753d25-5f66-11ec-9b45-b34627410a43","machineName":"DBCS-072","routingCodeImbMatchingPortion":"07090178351","edocSubmitterCrid":"13861252","predictedDeliveryDate":null,"scanFacilityCity":"KEARNY","anticipatedDeliveryDate":"2022-01-03","scanFacilityState":"NJ","scannerType":null,"imbStid":"271","imbSerialNumber":"049561","startTheClockDate":"2021-12-18","scanEventCode":"919","scanDatetime":"2022-01-02 17:15:04-0500","expectedDeliveryDate":"2021-12-24","handlingEventTypeDescription":"Actual","impb":null,"scanFacilityZip":"07099","imbTrackingCode":"00271901736682049561","imbRoutingCode":"07090178351","imbMid":"901736682","machineId":"072","handlingEventType":"A","edocJobId":"00672497","scanFacilityName":"DOMINICK V DANIELS","mailClassDescription":"Standard","imb":"0027190173668204956107090178351"},{"scanLocaleKey":"005918","edocMailingGroupId":null,"idTag":null,"pieceId":"a08db24f-641e-11ec-bc50-1be2d957a538","machineName":"DBCS-018","routingCodeImbMatchingPortion":"19087142545","edocSubmitterCrid":"13861252","predictedDeliveryDate":null,"scanFacilityCity":"PHILADELPHIA","anticipatedDeliveryDate":"2022-01-03","scanFacilityState":"PA","scannerType":null,"imbStid":"271","imbSerialNumber":"010403","startTheClockDate":"2021-12-24","scanEventCode":"919","scanDatetime":"2022-01-02 18:56:50-0500","expectedDeliveryDate":"2021-12-29","handlingEventTypeDescription":"Actual","impb":null,"scanFacilityZip":"19176","imbTrackingCode":"00271901736682010403","imbRoutingCode":"19087142545","imbMid":"901736682","machineId":"018","handlingEventType":"A","edocJobId":"10675763","scanFacilityName":"PHILADELPHIA","mailClassDescription":"Standard","imb":"0027190173668201040319087142545"},{"scanLocaleKey":"012546","edocMailingGroupId":null,"idTag":null,"pieceId":"b4376b2a-641e-11ec-b15e-c9949f366e2e","machineName":"DBCS-018","routingCodeImbMatchingPortion":"22901540270","edocSubmitterCrid":"13861252","predictedDeliveryDate":null,"scanFacilityCity":"SANDSTON","anticipatedDeliveryDate":null,"scanFacilityState":"VA","scannerType":null,"imbStid":"271","imbSerialNumber":"009572","startTheClockDate":"2021-12-24","scanEventCode":"893","scanDatetime":"2022-01-02 14:30:26-0500","expectedDeliveryDate":"2021-12-30","handlingEventTypeDescription":"Actual","impb":null,"scanFacilityZip":"23150","imbTrackingCode":"00271901736682009572","imbRoutingCode":"22901540270","imbMid":"901736682","machineId":"018","handlingEventType":"A","edocJobId":"10675763","scanFacilityName":"RICHMOND","mailClassDescription":"Standard","imb":"0027190173668200957222901540270"},{"scanLocaleKey":"V27378","edocMailingGroupId":null,"idTag":null,"pieceId":"aef3c31b-641e-11ec-b690-eff642993ac6","machineName":"DBCS-018","routingCodeImbMatchingPortion":"20854342304","edocSubmitterCrid":"13861252","predictedDeliveryDate":null,"scanFacilityCity":"GAITHERSBURG","anticipatedDeliveryDate":"2022-01-03","scanFacilityState":"MD","scannerType":null,"imbStid":"271","imbSerialNumber":"011155","startTheClockDate":"2021-12-24","scanEventCode":"919","scanDatetime":"2022-01-02 21:19:00-0500","expectedDeliveryDate":"2021-12-31","handlingEventTypeDescription":"Actual","impb":null,"scanFacilityZip":"20898","imbTrackingCode":"00271901736682011155","imbRoutingCode":"20854342304","imbMid":"901736682","machineId":"018","handlingEventType":"A","edocJobId":"10675763","scanFacilityName":"SUBURBAN MARYLAND","mailClassDescription":"Standard","imb":"0027190173668201115520854342304"},{"scanLocaleKey":"005918","edocMailingGroupId":null,"idTag":null,"pieceId":"a2c46876-641e-11ec-84de-ada766615165","machineName":"DBCS-018","routingCodeImbMatchingPortion":"19087262029","edocSubmitterCrid":"13861252","predictedDeliveryDate":null,"scanFacilityCity":"PHILADELPHIA","anticipatedDeliveryDate":"2022-01-03","scanFacilityState":"PA","scannerType":null,"imbStid":"271","imbSerialNumber":"009443","startTheClockDate":"2021-12-24","scanEventCode":"919","scanDatetime":"2022-01-02 15:52:00-0500","expectedDeliveryDate":"2021-12-29","handlingEventTypeDescription":"Actual","impb":null,"scanFacilityZip":"19176","imbTrackingCode":"00271901736682009443","imbRoutingCode":"19087262029","imbMid":"901736682","machineId":"018","handlingEventType":"A","edocJobId":"10675763","scanFacilityName":"PHILADELPHIA","mailClassDescription":"Standard","imb":"0027190173668200944319087262029"},{"scanLocaleKey":"Y22124","edocMailingGroupId":null,"idTag":null,"pieceId":"6e1733c9-5f66-11ec-9178-25f00f4b4234","machineName":"DBCS-032","routingCodeImbMatchingPortion":"34481051052","edocSubmitterCrid":"13861252","predictedDeliveryDate":null,"scanFacilityCity":"JACKSONVILLE","anticipatedDeliveryDate":null,"scanFacilityState":"FL","scannerType":null,"imbStid":"271","imbSerialNumber":"051957","startTheClockDate":"2021-12-18","scanEventCode":"893","scanDatetime":"2022-01-02 11:33:10-0500","expectedDeliveryDate":"2021-12-27","handlingEventTypeDescription":"Actual","impb":null,"scanFacilityZip":"32203","imbTrackingCode":"00271901736682051957","imbRoutingCode":"34481051052","imbMid":"901736682","machineId":"032","handlingEventType":"A","edocJobId":"00672497","scanFacilityName":"JACKSONVILLE","mailClassDescription":"Standard","imb":"0027190173668205195734481051052"},{"scanLocaleKey":"005918","edocMailingGroupId":null,"idTag":null,"pieceId":"579fe002-641c-11ec-86af-2d8677d0079b","machineName":"DBCS-014","routingCodeImbMatchingPortion":"19103130599","edocSubmitterCrid":"13861252","predictedDeliveryDate":null,"scanFacilityCity":"PHILADELPHIA","anticipatedDeliveryDate":"2022-01-03","scanFacilityState":"PA","scannerType":null,"imbStid":"271","imbSerialNumber":"011759","startTheClockDate":"2021-12-24","scanEventCode":"919","scanDatetime":"2022-01-02 16:05:42-0500","expectedDeliveryDate":"2021-12-29","handlingEventTypeDescription":"Actual","impb":null,"scanFacilityZip":"19176","imbTrackingCode":"00271901736682011759","imbRoutingCode":"19103130599","imbMid":"901736682","machineId":"014","handlingEventType":"A","edocJobId":"10675763","scanFacilityName":"PHILADELPHIA","mailClassDescription":"Standard","imb":"0027190173668201175919103130599"},{"scanLocaleKey":"005918","edocMailingGroupId":null,"idTag":null,"pieceId":"a3ecbbd5-641e-11ec-b690-eff642993ac6","machineName":"DBCS-014","routingCodeImbMatchingPortion":"19103130599","edocSubmitterCrid":"13861252","predictedDeliveryDate":null,"scanFacilityCity":"PHILADELPHIA","anticipatedDeliveryDate":"2022-01-03","scanFacilityState":"PA","scannerType":null,"imbStid":"271","imbSerialNumber":"009281","startTheClockDate":"2021-12-24","scanEventCode":"919","scanDatetime":"2022-01-02 16:05:42-0500","expectedDeliveryDate":"2021-12-29","handlingEventTypeDescription":"Actual","impb":null,"scanFacilityZip":"19176","imbTrackingCode":"00271901736682009281","imbRoutingCode":"19103130599","imbMid":"901736682","machineId":"014","handlingEventType":"A","edocJobId":"10675763","scanFacilityName":"PHILADELPHIA","mailClassDescription":"Standard","imb":"0027190173668200928119103130599"},{"scanLocaleKey":"005918","edocMailingGroupId":null,"idTag":null,"pieceId":"b5da45a5-641e-11ec-993a-cf18a53c8b2a","machineName":"DBCS-023","routingCodeImbMatchingPortion":"19081123430","edocSubmitterCrid":"13861252","predictedDeliveryDate":null,"scanFacilityCity":"PHILADELPHIA","anticipatedDeliveryDate":"2022-01-03","scanFacilityState":"PA","scannerType":null,"imbStid":"271","imbSerialNumber":"009881","startTheClockDate":"2021-12-24","scanEventCode":"919","scanDatetime":"2022-01-02 17:16:02-0500","expectedDeliveryDate":"2021-12-29","handlingEventTypeDescription":"Actual","impb":null,"scanFacilityZip":"19176","imbTrackingCode":"00271901736682009881","imbRoutingCode":"19081123430","imbMid":"901736682","machineId":"023","handlingEventType":"A","edocJobId":"10675763","scanFacilityName":"PHILADELPHIA","mailClassDescription":"Standard","imb":"0027190173668200988119081123430"},{"scanLocaleKey":"Y23078","edocMailingGroupId":null,"idTag":null,"pieceId":"5d5aafd8-5f66-11ec-b0e2-dd54a8b94e4e","machineName":"DBCS-017","routingCodeImbMatchingPortion":"33594464126","edocSubmitterCrid":"13861252","predictedDeliveryDate":null,"scanFacilityCity":"TAMPA","anticipatedDeliveryDate":"2022-01-03","scanFacilityState":"FL","scannerType":null,"imbStid":"271","imbSerialNumber":"048876","startTheClockDate":"2021-12-18","scanEventCode":"919","scanDatetime":"2022-01-02 18:55:09-0500","expectedDeliveryDate":"2021-12-27","handlingEventTypeDescription":"Actual","impb":null,"scanFacilityZip":"33630","imbTrackingCode":"00271901736682048876","imbRoutingCode":"33594464126","imbMid":"901736682","machineId":"017","handlingEventType":"A","edocJobId":"00672497","scanFacilityName":"TAMPA","mailClassDescription":"Standard","imb":"0027190173668204887633594464126"},{"scanLocaleKey":"V21380","edocMailingGroupId":null,"idTag":null,"pieceId":"29ba6281-641e-11ec-a5ad-39d6c721fae2","machineName":"DBCS-008","routingCodeImbMatchingPortion":"19971145411","edocSubmitterCrid":"13861252","predictedDeliveryDate":null,"scanFacilityCity":"HISTORIC NEW CASTLE","anticipatedDeliveryDate":"2022-01-03","scanFacilityState":"DE","scannerType":null,"imbStid":"271","imbSerialNumber":"011597","startTheClockDate":null,"scanEventCode":"896","scanDatetime":"2022-01-02 19:24:06-0500","expectedDeliveryDate":null,"handlingEventTypeDescription":"Actual","impb":null,"scanFacilityZip":"19850","imbTrackingCode":"00271901736682011597","imbRoutingCode":"19971145411","imbMid":"901736682","machineId":"008","handlingEventType":"A","edocJobId":"10675763","scanFacilityName":"WILMINGTON","mailClassDescription":"Standard","imb":"0027190173668201159719971145411"},{"scanLocaleKey":"005918","edocMailingGroupId":null,"idTag":null,"pieceId":"a69dd201-641e-11ec-bc50-1be2d957a538","machineName":"DBCS-014","routingCodeImbMatchingPortion":"19103672440","edocSubmitterCrid":"13861252","predictedDeliveryDate":null,"scanFacilityCity":"PHILADELPHIA","anticipatedDeliveryDate":"2022-01-03","scanFacilityState":"PA","scannerType":null,"imbStid":"271","imbSerialNumber":"011466","startTheClockDate":"2021-12-24","scanEventCode":"919","scanDatetime":"2022-01-02 15:57:30-0500","expectedDeliveryDate":"2021-12-29","handlingEventTypeDescription":"Actual","impb":null,"scanFacilityZip":"19176","imbTrackingCode":"00271901736682011466","imbRoutingCode":"19103672440","imbMid":"901736682","machineId":"014","handlingEventType":"A","edocJobId":"10675763","scanFacilityName":"PHILADELPHIA","mailClassDescription":"Standard","imb":"0027190173668201146619103672440"},{"scanLocaleKey":"V21380","edocMailingGroupId":null,"idTag":null,"pieceId":"b3f30f11-641e-11ec-993a-cf18a53c8b2a","machineName":"DBCS-008","routingCodeImbMatchingPortion":"19971177583","edocSubmitterCrid":"13861252","predictedDeliveryDate":null,"scanFacilityCity":"HISTORIC NEW CASTLE","anticipatedDeliveryDate":"2022-01-03","scanFacilityState":"DE","scannerType":null,"imbStid":"271","imbSerialNumber":"009865","startTheClockDate":null,"scanEventCode":"919","scanDatetime":"2022-01-02 18:12:39-0500","expectedDeliveryDate":null,"handlingEventTypeDescription":"Actual","impb":null,"scanFacilityZip":"19850","imbTrackingCode":"00271901736682009865","imbRoutingCode":"19971177583","imbMid":"901736682","machineId":"008","handlingEventType":"A","edocJobId":"10675763","scanFacilityName":"WILMINGTON","mailClassDescription":"Standard","imb":"0027190173668200986519971177583"},{"scanLocaleKey":"V27378","edocMailingGroupId":null,"idTag":null,"pieceId":"a5552562-641e-11ec-9ca2-8f09543947eb","machineName":"DBCS-016","routingCodeImbMatchingPortion":"20901290903","edocSubmitterCrid":"13861252","predictedDeliveryDate":null,"scanFacilityCity":"GAITHERSBURG","anticipatedDeliveryDate":"2022-01-03","scanFacilityState":"MD","scannerType":null,"imbStid":"271","imbSerialNumber":"009285","startTheClockDate":"2021-12-24","scanEventCode":"919","scanDatetime":"2022-01-02 23:02:24-0500","expectedDeliveryDate":"2021-12-31","handlingEventTypeDescription":"Actual","impb":null,"scanFacilityZip":"20898","imbTrackingCode":"00271901736682009285","imbRoutingCode":"20901290903","imbMid":"901736682","machineId":"016","handlingEventType":"A","edocJobId":"10675763","scanFacilityName":"SUBURBAN MARYLAND","mailClassDescription":"Standard","imb":"0027190173668200928520901290903"},{"scanLocaleKey":"012546","edocMailingGroupId":null,"idTag":null,"pieceId":"61584351-5f66-11ec-af9e-09ab150d44a8","machineName":"DBCS-024","routingCodeImbMatchingPortion":"22405217505","edocSubmitterCrid":"13861252","predictedDeliveryDate":null,"scanFacilityCity":"SANDSTON","anticipatedDeliveryDate":"2022-01-03","scanFacilityState":"VA","scannerType":null,"imbStid":"271","imbSerialNumber":"044544","startTheClockDate":"2021-12-18","scanEventCode":"896","scanDatetime":"2022-01-03 02:09:36-0500","expectedDeliveryDate":"2021-12-24","handlingEventTypeDescription":"Actual","impb":null,"scanFacilityZip":"23150","imbTrackingCode":"00271901736682044544","imbRoutingCode":"22405217505","imbMid":"901736682","machineId":"024","handlingEventType":"A","edocJobId":"00672497","scanFacilityName":"RICHMOND","mailClassDescription":"Standard","imb":"0027190173668204454422405217505"},{"scanLocaleKey":"V27378","edocMailingGroupId":null,"idTag":null,"pieceId":"6c2683fa-641f-11ec-ae36-9179b4f003df","machineName":"DBCS-016","routingCodeImbMatchingPortion":"20904197874","edocSubmitterCrid":"13861252","predictedDeliveryDate":null,"scanFacilityCity":"GAITHERSBURG","anticipatedDeliveryDate":"2022-01-03","scanFacilityState":"MD","scannerType":null,"imbStid":"271","imbSerialNumber":"009545","startTheClockDate":"2021-12-24","scanEventCode":"919","scanDatetime":"2022-01-02 19:20:44-0500","expectedDeliveryDate":"2021-12-31","handlingEventTypeDescription":"Actual","impb":null,"scanFacilityZip":"20898","imbTrackingCode":"00271901736682009545","imbRoutingCode":"20904197874","imbMid":"901736682","machineId":"016","handlingEventType":"A","edocJobId":"10675763","scanFacilityName":"SUBURBAN MARYLAND","mailClassDescription":"Standard","imb":"0027190173668200954520904197874"},{"scanLocaleKey":"Y22124","edocMailingGroupId":null,"idTag":null,"pieceId":"656e19a7-5f66-11ec-877e-df7d7a1b27b8","machineName":"DBCS-001","routingCodeImbMatchingPortion":"32095908038","edocSubmitterCrid":"13861252","predictedDeliveryDate":null,"scanFacilityCity":"JACKSONVILLE","anticipatedDeliveryDate":"2022-01-03","scanFacilityState":"FL","scannerType":null,"imbStid":"271","imbSerialNumber":"050789","startTheClockDate":"2021-12-18","scanEventCode":"918","scanDatetime":"2022-01-02 17:12:56-0500","expectedDeliveryDate":"2021-12-27","handlingEventTypeDescription":"Actual","impb":null,"scanFacilityZip":"32203","imbTrackingCode":"00271901736682050789","imbRoutingCode":"32095908038","imbMid":"901736682","machineId":"001","handlingEventType":"A","edocJobId":"00672497","scanFacilityName":"JACKSONVILLE","mailClassDescription":"Standard","imb":"0027190173668205078932095908038"},{"scanLocaleKey":"V19160","edocMailingGroupId":null,"idTag":null,"pieceId":"844e4e31-5f66-11ec-85ef-9bb8e198555e","machineName":"DBCS-015","routingCodeImbMatchingPortion":"10459225467","edocSubmitterCrid":"13861252","predictedDeliveryDate":null,"scanFacilityCity":"NEW YORK","anticipatedDeliveryDate":"2022-01-03","scanFacilityState":"NY","scannerType":null,"imbStid":"271","imbSerialNumber":"047678","startTheClockDate":"2021-12-18","scanEventCode":"919","scanDatetime":"2022-01-02 20:16:26-0500","expectedDeliveryDate":"2021-12-24","handlingEventTypeDescription":"Actual","impb":null,"scanFacilityZip":"10199","imbTrackingCode":"00271901736682047678","imbRoutingCode":"10459225467","imbMid":"901736682","machineId":"015","handlingEventType":"A","edocJobId":"00672497","scanFacilityName":"NEW YORK","mailClassDescription":"Standard","imb":"0027190173668204767810459225467"},{"scanLocaleKey":"005918","edocMailingGroupId":null,"idTag":null,"pieceId":"ade400c1-641e-11ec-b15e-c9949f366e2e","machineName":"DBCS-018","routingCodeImbMatchingPortion":"19087262011","edocSubmitterCrid":"13861252","predictedDeliveryDate":null,"scanFacilityCity":"PHILADELPHIA","anticipatedDeliveryDate":"2022-01-03","scanFacilityState":"PA","scannerType":null,"imbStid":"271","imbSerialNumber":"009442","startTheClockDate":"2021-12-24","scanEventCode":"919","scanDatetime":"2022-01-02 15:50:47-0500","expectedDeliveryDate":"2021-12-29","handlingEventTypeDescription":"Actual","impb":null,"scanFacilityZip":"19176","imbTrackingCode":"00271901736682009442","imbRoutingCode":"19087262011","imbMid":"901736682","machineId":"018","handlingEventType":"A","edocJobId":"10675763","scanFacilityName":"PHILADELPHIA","mailClassDescription":"Standard","imb":"0027190173668200944219087262011"},{"scanLocaleKey":"X29536","edocMailingGroupId":null,"idTag":null,"pieceId":"7f39cc82-5f66-11ec-8216-f1848fac82a4","machineName":"DIOSS-009","routingCodeImbMatchingPortion":"29492752499","edocSubmitterCrid":"13861252","predictedDeliveryDate":null,"scanFacilityCity":"NORTH CHARLESTON","anticipatedDeliveryDate":null,"scanFacilityState":"SC","scannerType":null,"imbStid":"271","imbSerialNumber":"045559","startTheClockDate":"2021-12-18","scanEventCode":"894","scanDatetime":"2022-01-02 03:04:17-0500","expectedDeliveryDate":"2021-12-24","handlingEventTypeDescription":"Actual","impb":null,"scanFacilityZip":"29423","imbTrackingCode":"00271901736682045559","imbRoutingCode":"29492752499","imbMid":"901736682","machineId":"009","handlingEventType":"A","edocJobId":"00672497","scanFacilityName":"CHARLESTON","mailClassDescription":"Standard","imb":"0027190173668204555929492752499"},{"scanLocaleKey":"V21380","edocMailingGroupId":null,"idTag":null,"pieceId":"262afa3c-641e-11ec-986b-1f11e3b6224c","machineName":"DBCS-008","routingCodeImbMatchingPortion":"19971158051","edocSubmitterCrid":"13861252","predictedDeliveryDate":null,"scanFacilityCity":"HISTORIC NEW CASTLE","anticipatedDeliveryDate":"2022-01-03","scanFacilityState":"DE","scannerType":null,"imbStid":"271","imbSerialNumber":"010397","startTheClockDate":null,"scanEventCode":"919","scanDatetime":"2022-01-02 13:44:13-0500","expectedDeliveryDate":null,"handlingEventTypeDescription":"Actual","impb":null,"scanFacilityZip":"19850","imbTrackingCode":"00271901736682010397","imbRoutingCode":"19971158051","imbMid":"901736682","machineId":"008","handlingEventType":"A","edocJobId":"10675763","scanFacilityName":"WILMINGTON","mailClassDescription":"Standard","imb":"0027190173668201039719971158051"},{"scanLocaleKey":"Y15308","edocMailingGroupId":null,"idTag":null,"pieceId":"78dcc544-5f66-11ec-8216-f1848fac82a4","machineName":"DBCS-004","routingCodeImbMatchingPortion":"28571923004","edocSubmitterCrid":"13861252","predictedDeliveryDate":null,"scanFacilityCity":"FAYETTEVILLE","anticipatedDeliveryDate":"2022-01-03","scanFacilityState":"NC","scannerType":null,"imbStid":"271","imbSerialNumber":"045730","startTheClockDate":"2021-12-18","scanEventCode":"919","scanDatetime":"2022-01-02 06:46:12-0500","expectedDeliveryDate":"2021-12-24","handlingEventTypeDescription":"Actual","impb":null,"scanFacilityZip":"28302","imbTrackingCode":"00271901736682045730","imbRoutingCode":"28571923004","imbMid":"901736682","machineId":"004","handlingEventType":"A","edocJobId":"00672497","scanFacilityName":"FAYETTEVILLE","mailClassDescription":"Standard","imb":"0027190173668204573028571923004"},{"scanLocaleKey":"X29536","edocMailingGroupId":null,"idTag":null,"pieceId":"7f39cc82-5f66-11ec-8216-f1848fac82a4","machineName":"DBCS-002","routingCodeImbMatchingPortion":"29492752499","edocSubmitterCrid":"13861252","predictedDeliveryDate":null,"scanFacilityCity":"NORTH CHARLESTON","anticipatedDeliveryDate":"2022-01-03","scanFacilityState":"SC","scannerType":null,"imbStid":"271","imbSerialNumber":"045559","startTheClockDate":"2021-12-18","scanEventCode":"918","scanDatetime":"2022-01-02 10:01:01-0500","expectedDeliveryDate":"2021-12-24","handlingEventTypeDescription":"Actual","impb":null,"scanFacilityZip":"29423","imbTrackingCode":"00271901736682045559","imbRoutingCode":"29492752499","imbMid":"901736682","machineId":"002","handlingEventType":"A","edocJobId":"00672497","scanFacilityName":"CHARLESTON","mailClassDescription":"Standard","imb":"0027190173668204555929492752499"},{"scanLocaleKey":"012546","edocMailingGroupId":null,"idTag":null,"pieceId":"68e91391-641c-11ec-8e45-93ef0f34a3a0","machineName":"DBCS-018","routingCodeImbMatchingPortion":"22901316200","edocSubmitterCrid":"13861252","predictedDeliveryDate":null,"scanFacilityCity":"SANDSTON","anticipatedDeliveryDate":null,"scanFacilityState":"VA","scannerType":null,"imbStid":"271","imbSerialNumber":"010195","startTheClockDate":"2021-12-24","scanEventCode":"893","scanDatetime":"2022-01-02 14:30:26-0500","expectedDeliveryDate":"2021-12-30","handlingEventTypeDescription":"Actual","impb":null,"scanFacilityZip":"23150","imbTrackingCode":"00271901736682010195","imbRoutingCode":"22901316200","imbMid":"901736682","machineId":"018","handlingEventType":"A","edocJobId":"10675763","scanFacilityName":"RICHMOND","mailClassDescription":"Standard","imb":"0027190173668201019522901316200"},{"scanLocaleKey":"V21380","edocMailingGroupId":null,"idTag":null,"pieceId":"3c835841-641e-11ec-857d-dbd5f39049a3","machineName":"DBCS-008","routingCodeImbMatchingPortion":"19971224905","edocSubmitterCrid":"13861252","predictedDeliveryDate":null,"scanFacilityCity":"HISTORIC NEW CASTLE","anticipatedDeliveryDate":"2022-01-03","scanFacilityState":"DE","scannerType":null,"imbStid":"271","imbSerialNumber":"010108","startTheClockDate":null,"scanEventCode":"919","scanDatetime":"2022-01-02 15:03:50-0500","expectedDeliveryDate":null,"handlingEventTypeDescription":"Actual","impb":null,"scanFacilityZip":"19850","imbTrackingCode":"00271901736682010108","imbRoutingCode":"19971224905","imbMid":"901736682","machineId":"008","handlingEventType":"A","edocJobId":"10675763","scanFacilityName":"WILMINGTON","mailClassDescription":"Standard","imb":"0027190173668201010819971224905"},{"scanLocaleKey":"V15731","edocMailingGroupId":null,"idTag":null,"pieceId":"7cc59831-5f66-11ec-a427-896d6977ec65","machineName":"DBCS-053","routingCodeImbMatchingPortion":"14843102199","edocSubmitterCrid":"13861252","predictedDeliveryDate":null,"scanFacilityCity":"ROCHESTER","anticipatedDeliveryDate":"2022-01-03","scanFacilityState":"NY","scannerType":null,"imbStid":"271","imbSerialNumber":"051424","startTheClockDate":"2021-12-18","scanEventCode":"919","scanDatetime":"2022-01-02 17:48:58-0500","expectedDeliveryDate":"2021-12-24","handlingEventTypeDescription":"Actual","impb":null,"scanFacilityZip":"14692","imbTrackingCode":"00271901736682051424","imbRoutingCode":"14843102199","imbMid":"901736682","machineId":"053","handlingEventType":"A","edocJobId":"00672497","scanFacilityName":"ROCHESTER","mailClassDescription":"Standard","imb":"0027190173668205142414843102199"},{"scanLocaleKey":"X20577","edocMailingGroupId":null,"idTag":null,"pieceId":"65f3eb73-5f66-11ec-9178-25f00f4b4234","machineName":"DBCS-037","routingCodeImbMatchingPortion":"44107140673","edocSubmitterCrid":"13861252","predictedDeliveryDate":null,"scanFacilityCity":"CLEVELAND","anticipatedDeliveryDate":"2022-01-03","scanFacilityState":"OH","scannerType":null,"imbStid":"271","imbSerialNumber":"046926","startTheClockDate":"2021-12-18","scanEventCode":"918","scanDatetime":"2022-01-02 21:49:57-0500","expectedDeliveryDate":"2021-12-24","handlingEventTypeDescription":"Actual","impb":null,"scanFacilityZip":"44101","imbTrackingCode":"00271901736682046926","imbRoutingCode":"44107140673","imbMid":"901736682","machineId":"037","handlingEventType":"A","edocJobId":"00672497","scanFacilityName":"CLEVELAND","mailClassDescription":"Standard","imb":"0027190173668204692644107140673"},{"scanLocaleKey":"012546","edocMailingGroupId":null,"idTag":null,"pieceId":"71d6d3d1-5f66-11ec-9178-25f00f4b4234","machineName":"DBCS-023","routingCodeImbMatchingPortion":"22801490448","edocSubmitterCrid":"13861252","predictedDeliveryDate":null,"scanFacilityCity":"SANDSTON","anticipatedDeliveryDate":"2022-01-03","scanFacilityState":"VA","scannerType":null,"imbStid":"271","imbSerialNumber":"044810","startTheClockDate":"2021-12-18","scanEventCode":"918","scanDatetime":"2022-01-02 22:48:22-0500","expectedDeliveryDate":"2021-12-24","handlingEventTypeDescription":"Actual","impb":null,"scanFacilityZip":"23150","imbTrackingCode":"00271901736682044810","imbRoutingCode":"22801490448","imbMid":"901736682","machineId":"023","handlingEventType":"A","edocJobId":"00672497","scanFacilityName":"RICHMOND","mailClassDescription":"Standard","imb":"0027190173668204481022801490448"},{"scanLocaleKey":"V21380","edocMailingGroupId":null,"idTag":null,"pieceId":"a9fe8942-641e-11ec-bc50-1be2d957a538","machineName":"DBCS-008","routingCodeImbMatchingPortion":"19971281540","edocSubmitterCrid":"13861252","predictedDeliveryDate":null,"scanFacilityCity":"HISTORIC NEW CASTLE","anticipatedDeliveryDate":"2022-01-03","scanFacilityState":"DE","scannerType":null,"imbStid":"271","imbSerialNumber":"010879","startTheClockDate":null,"scanEventCode":"919","scanDatetime":"2022-01-02 14:18:12-0500","expectedDeliveryDate":null,"handlingEventTypeDescription":"Actual","impb":null,"scanFacilityZip":"19850","imbTrackingCode":"00271901736682010879","imbRoutingCode":"19971281540","imbMid":"901736682","machineId":"008","handlingEventType":"A","edocJobId":"10675763","scanFacilityName":"WILMINGTON","mailClassDescription":"Standard","imb":"0027190173668201087919971281540"},{"scanLocaleKey":"V21380","edocMailingGroupId":null,"idTag":null,"pieceId":"22c512e5-641e-11ec-bbb9-6326fa4cddd4","machineName":"DBCS-008","routingCodeImbMatchingPortion":"19971161307","edocSubmitterCrid":"13861252","predictedDeliveryDate":null,"scanFacilityCity":"HISTORIC NEW CASTLE","anticipatedDeliveryDate":"2022-01-03","scanFacilityState":"DE","scannerType":null,"imbStid":"271","imbSerialNumber":"010587","startTheClockDate":null,"scanEventCode":"919","scanDatetime":"2022-01-02 17:24:54-0500","expectedDeliveryDate":null,"handlingEventTypeDescription":"Actual","impb":null,"scanFacilityZip":"19850","imbTrackingCode":"00271901736682010587","imbRoutingCode":"19971161307","imbMid":"901736682","machineId":"008","handlingEventType":"A","edocJobId":"10675763","scanFacilityName":"WILMINGTON","mailClassDescription":"Standard","imb":"0027190173668201058719971161307"},{"scanLocaleKey":"005918","edocMailingGroupId":null,"idTag":null,"pieceId":"53166047-641c-11ec-86af-2d8677d0079b","machineName":"DBCS-018","routingCodeImbMatchingPortion":"19085121969","edocSubmitterCrid":"13861252","predictedDeliveryDate":null,"scanFacilityCity":"PHILADELPHIA","anticipatedDeliveryDate":"2022-01-03","scanFacilityState":"PA","scannerType":null,"imbStid":"271","imbSerialNumber":"009946","startTheClockDate":"2021-12-24","scanEventCode":"919","scanDatetime":"2022-01-02 18:34:30-0500","expectedDeliveryDate":"2021-12-29","handlingEventTypeDescription":"Actual","impb":null,"scanFacilityZip":"19176","imbTrackingCode":"00271901736682009946","imbRoutingCode":"19085121969","imbMid":"901736682","machineId":"018","handlingEventType":"A","edocJobId":"10675763","scanFacilityName":"PHILADELPHIA","mailClassDescription":"Standard","imb":"0027190173668200994619085121969"},{"scanLocaleKey":"005918","edocMailingGroupId":null,"idTag":null,"pieceId":"51adcf9f-641c-11ec-8e45-93ef0f34a3a0","machineName":"DBCS-014","routingCodeImbMatchingPortion":"19103150299","edocSubmitterCrid":"13861252","predictedDeliveryDate":null,"scanFacilityCity":"PHILADELPHIA","anticipatedDeliveryDate":"2022-01-03","scanFacilityState":"PA","scannerType":null,"imbStid":"271","imbSerialNumber":"011363","startTheClockDate":"2021-12-24","scanEventCode":"919","scanDatetime":"2022-01-02 19:39:48-0500","expectedDeliveryDate":"2021-12-29","handlingEventTypeDescription":"Actual","impb":null,"scanFacilityZip":"19176","imbTrackingCode":"00271901736682011363","imbRoutingCode":"19103150299","imbMid":"901736682","machineId":"014","handlingEventType":"A","edocJobId":"10675763","scanFacilityName":"PHILADELPHIA","mailClassDescription":"Standard","imb":"0027190173668201136319103150299"},{"scanLocaleKey":"V21380","edocMailingGroupId":null,"idTag":null,"pieceId":"39875665-641e-11ec-857d-dbd5f39049a3","machineName":"DBCS-008","routingCodeImbMatchingPortion":"19971162986","edocSubmitterCrid":"13861252","predictedDeliveryDate":null,"scanFacilityCity":"HISTORIC NEW CASTLE","anticipatedDeliveryDate":"2022-01-03","scanFacilityState":"DE","scannerType":null,"imbStid":"271","imbSerialNumber":"009801","startTheClockDate":null,"scanEventCode":"919","scanDatetime":"2022-01-02 12:50:03-0500","expectedDeliveryDate":null,"handlingEventTypeDescription":"Actual","impb":null,"scanFacilityZip":"19850","imbTrackingCode":"00271901736682009801","imbRoutingCode":"19971162986","imbMid":"901736682","machineId":"008","handlingEventType":"A","edocJobId":"10675763","scanFacilityName":"WILMINGTON","mailClassDescription":"Standard","imb":"0027190173668200980119971162986"},{"scanLocaleKey":"012546","edocMailingGroupId":null,"idTag":null,"pieceId":"61584351-5f66-11ec-af9e-09ab150d44a8","machineName":"DBCS-018","routingCodeImbMatchingPortion":"22405217505","edocSubmitterCrid":"13861252","predictedDeliveryDate":null,"scanFacilityCity":"SANDSTON","anticipatedDeliveryDate":null,"scanFacilityState":"VA","scannerType":null,"imbStid":"271","imbSerialNumber":"044544","startTheClockDate":"2021-12-18","scanEventCode":"893","scanDatetime":"2022-01-02 14:30:27-0500","expectedDeliveryDate":"2021-12-24","handlingEventTypeDescription":"Actual","impb":null,"scanFacilityZip":"23150","imbTrackingCode":"00271901736682044544","imbRoutingCode":"22405217505","imbMid":"901736682","machineId":"018","handlingEventType":"A","edocJobId":"00672497","scanFacilityName":"RICHMOND","mailClassDescription":"Standard","imb":"0027190173668204454422405217505"},{"scanLocaleKey":"005918","edocMailingGroupId":null,"idTag":null,"pieceId":"3493a31a-641e-11ec-bbb9-6326fa4cddd4","machineName":"DBCS-024","routingCodeImbMatchingPortion":"19041112353","edocSubmitterCrid":"13861252","predictedDeliveryDate":null,"scanFacilityCity":"PHILADELPHIA","anticipatedDeliveryDate":"2022-01-03","scanFacilityState":"PA","scannerType":null,"imbStid":"271","imbSerialNumber":"009674","startTheClockDate":"2021-12-24","scanEventCode":"919","scanDatetime":"2022-01-02 20:18:35-0500","expectedDeliveryDate":"2021-12-29","handlingEventTypeDescription":"Actual","impb":null,"scanFacilityZip":"19176","imbTrackingCode":"00271901736682009674","imbRoutingCode":"19041112353","imbMid":"901736682","machineId":"024","handlingEventType":"A","edocJobId":"10675763","scanFacilityName":"PHILADELPHIA","mailClassDescription":"Standard","imb":"0027190173668200967419041112353"},{"scanLocaleKey":"V21380","edocMailingGroupId":null,"idTag":null,"pieceId":"b36d645a-641e-11ec-9160-abc08239cebc","machineName":"DBCS-008","routingCodeImbMatchingPortion":"19971280618","edocSubmitterCrid":"13861252","predictedDeliveryDate":null,"scanFacilityCity":"HISTORIC NEW CASTLE","anticipatedDeliveryDate":"2022-01-03","scanFacilityState":"DE","scannerType":null,"imbStid":"271","imbSerialNumber":"009146","startTheClockDate":null,"scanEventCode":"918","scanDatetime":"2022-01-02 11:21:40-0500","expectedDeliveryDate":null,"handlingEventTypeDescription":"Actual","impb":null,"scanFacilityZip":"19850","imbTrackingCode":"00271901736682009146","imbRoutingCode":"19971280618","imbMid":"901736682","machineId":"008","handlingEventType":"A","edocJobId":"10675763","scanFacilityName":"WILMINGTON","mailClassDescription":"Standard","imb":"0027190173668200914619971280618"},{"scanLocaleKey":"V21380","edocMailingGroupId":null,"idTag":null,"pieceId":"a01e2795-641e-11ec-bc50-1be2d957a538","machineName":"DBCS-008","routingCodeImbMatchingPortion":"19971106603","edocSubmitterCrid":"13861252","predictedDeliveryDate":null,"scanFacilityCity":"HISTORIC NEW CASTLE","anticipatedDeliveryDate":"2022-01-03","scanFacilityState":"DE","scannerType":null,"imbStid":"271","imbSerialNumber":"009494","startTheClockDate":null,"scanEventCode":"918","scanDatetime":"2022-01-02 11:21:39-0500","expectedDeliveryDate":null,"handlingEventTypeDescription":"Actual","impb":null,"scanFacilityZip":"19850","imbTrackingCode":"00271901736682009494","imbRoutingCode":"19971106603","imbMid":"901736682","machineId":"008","handlingEventType":"A","edocJobId":"10675763","scanFacilityName":"WILMINGTON","mailClassDescription":"Standard","imb":"0027190173668200949419971106603"},{"scanLocaleKey":"V21380","edocMailingGroupId":null,"idTag":null,"pieceId":"68421dd5-641f-11ec-ae36-9179b4f003df","machineName":"DBCS-008","routingCodeImbMatchingPortion":"19971133617","edocSubmitterCrid":"13861252","predictedDeliveryDate":null,"scanFacilityCity":"HISTORIC NEW CASTLE","anticipatedDeliveryDate":"2022-01-03","scanFacilityState":"DE","scannerType":null,"imbStid":"271","imbSerialNumber":"010830","startTheClockDate":null,"scanEventCode":"918","scanDatetime":"2022-01-02 11:21:39-0500","expectedDeliveryDate":null,"handlingEventTypeDescription":"Actual","impb":null,"scanFacilityZip":"19850","imbTrackingCode":"00271901736682010830","imbRoutingCode":"19971133617","imbMid":"901736682","machineId":"008","handlingEventType":"A","edocJobId":"10675763","scanFacilityName":"WILMINGTON","mailClassDescription":"Standard","imb":"0027190173668201083019971133617"},{"scanLocaleKey":"V21380","edocMailingGroupId":null,"idTag":null,"pieceId":"22c512e5-641e-11ec-bbb9-6326fa4cddd4","machineName":"DBCS-008","routingCodeImbMatchingPortion":"19971161307","edocSubmitterCrid":"13861252","predictedDeliveryDate":null,"scanFacilityCity":"HISTORIC NEW CASTLE","anticipatedDeliveryDate":"2022-01-03","scanFacilityState":"DE","scannerType":null,"imbStid":"271","imbSerialNumber":"010587","startTheClockDate":null,"scanEventCode":"918","scanDatetime":"2022-01-02 11:21:50-0500","expectedDeliveryDate":null,"handlingEventTypeDescription":"Actual","impb":null,"scanFacilityZip":"19850","imbTrackingCode":"00271901736682010587","imbRoutingCode":"19971161307","imbMid":"901736682","machineId":"008","handlingEventType":"A","edocJobId":"10675763","scanFacilityName":"WILMINGTON","mailClassDescription":"Standard","imb":"0027190173668201058719971161307"},{"scanLocaleKey":"V21380","edocMailingGroupId":null,"idTag":null,"pieceId":"b09bcdc5-641e-11ec-9ca2-8f09543947eb","machineName":"DBCS-008","routingCodeImbMatchingPortion":"19971222501","edocSubmitterCrid":"13861252","predictedDeliveryDate":null,"scanFacilityCity":"HISTORIC NEW CASTLE","anticipatedDeliveryDate":"2022-01-03","scanFacilityState":"DE","scannerType":null,"imbStid":"271","imbSerialNumber":"011628","startTheClockDate":null,"scanEventCode":"918","scanDatetime":"2022-01-02 11:21:39-0500","expectedDeliveryDate":null,"handlingEventTypeDescription":"Actual","impb":null,"scanFacilityZip":"19850","imbTrackingCode":"00271901736682011628","imbRoutingCode":"19971222501","imbMid":"901736682","machineId":"008","handlingEventType":"A","edocJobId":"10675763","scanFacilityName":"WILMINGTON","mailClassDescription":"Standard","imb":"0027190173668201162819971222501"},{"scanLocaleKey":"V21380","edocMailingGroupId":null,"idTag":null,"pieceId":"395b3d46-641e-11ec-857d-dbd5f39049a3","machineName":"DBCS-008","routingCodeImbMatchingPortion":"19971143024","edocSubmitterCrid":"13861252","predictedDeliveryDate":null,"scanFacilityCity":"HISTORIC NEW CASTLE","anticipatedDeliveryDate":"2022-01-03","scanFacilityState":"DE","scannerType":null,"imbStid":"271","imbSerialNumber":"011156","startTheClockDate":null,"scanEventCode":"918","scanDatetime":"2022-01-02 11:21:38-0500","expectedDeliveryDate":null,"handlingEventTypeDescription":"Actual","impb":null,"scanFacilityZip":"19850","imbTrackingCode":"00271901736682011156","imbRoutingCode":"19971143024","imbMid":"901736682","machineId":"008","handlingEventType":"A","edocJobId":"10675763","scanFacilityName":"WILMINGTON","mailClassDescription":"Standard","imb":"0027190173668201115619971143024"},{"scanLocaleKey":"005918","edocMailingGroupId":null,"idTag":null,"pieceId":"b2375568-641e-11ec-993a-cf18a53c8b2a","machineName":"DBCS-015","routingCodeImbMatchingPortion":"19102450684","edocSubmitterCrid":"13861252","predictedDeliveryDate":null,"scanFacilityCity":"PHILADELPHIA","anticipatedDeliveryDate":"2022-01-03","scanFacilityState":"PA","scannerType":null,"imbStid":"271","imbSerialNumber":"009960","startTheClockDate":"2021-12-24","scanEventCode":"919","scanDatetime":"2022-01-02 16:34:55-0500","expectedDeliveryDate":"2021-12-29","handlingEventTypeDescription":"Actual","impb":null,"scanFacilityZip":"19176","imbTrackingCode":"00271901736682009960","imbRoutingCode":"19102450684","imbMid":"901736682","machineId":"015","handlingEventType":"A","edocJobId":"10675763","scanFacilityName":"PHILADELPHIA","mailClassDescription":"Standard","imb":"0027190173668200996019102450684"},{"scanLocaleKey":"012546","edocMailingGroupId":null,"idTag":null,"pieceId":"5ef83735-641c-11ec-9fdb-5b5504b1dc2b","machineName":"DBCS-018","routingCodeImbMatchingPortion":"22902031616","edocSubmitterCrid":"13861252","predictedDeliveryDate":null,"scanFacilityCity":"SANDSTON","anticipatedDeliveryDate":null,"scanFacilityState":"VA","scannerType":null,"imbStid":"271","imbSerialNumber":"010741","startTheClockDate":"2021-12-24","scanEventCode":"893","scanDatetime":"2022-01-02 14:30:26-0500","expectedDeliveryDate":"2021-12-30","handlingEventTypeDescription":"Actual","impb":null,"scanFacilityZip":"23150","imbTrackingCode":"00271901736682010741","imbRoutingCode":"22902031616","imbMid":"901736682","machineId":"018","handlingEventType":"A","edocJobId":"10675763","scanFacilityName":"RICHMOND","mailClassDescription":"Standard","imb":"0027190173668201074122902031616"},{"scanLocaleKey":"012546","edocMailingGroupId":null,"idTag":null,"pieceId":"5da06b61-5f66-11ec-b6b6-27b22fba2fd6","machineName":"DBCS-018","routingCodeImbMatchingPortion":"23185767139","edocSubmitterCrid":"13861252","predictedDeliveryDate":null,"scanFacilityCity":"SANDSTON","anticipatedDeliveryDate":null,"scanFacilityState":"VA","scannerType":null,"imbStid":"271","imbSerialNumber":"048574","startTheClockDate":"2021-12-18","scanEventCode":"893","scanDatetime":"2022-01-02 14:30:26-0500","expectedDeliveryDate":"2021-12-24","handlingEventTypeDescription":"Actual","impb":null,"scanFacilityZip":"23150","imbTrackingCode":"00271901736682048574","imbRoutingCode":"23185767139","imbMid":"901736682","machineId":"018","handlingEventType":"A","edocJobId":"00672497","scanFacilityName":"RICHMOND","mailClassDescription":"Standard","imb":"0027190173668204857423185767139"},{"scanLocaleKey":"012546","edocMailingGroupId":null,"idTag":null,"pieceId":"68693141-5f66-11ec-b0e2-dd54a8b94e4e","machineName":"DBCS-018","routingCodeImbMatchingPortion":"23233193777","edocSubmitterCrid":"13861252","predictedDeliveryDate":null,"scanFacilityCity":"SANDSTON","anticipatedDeliveryDate":null,"scanFacilityState":"VA","scannerType":null,"imbStid":"271","imbSerialNumber":"048337","startTheClockDate":"2021-12-18","scanEventCode":"893","scanDatetime":"2022-01-02 14:30:26-0500","expectedDeliveryDate":"2021-12-24","handlingEventTypeDescription":"Actual","impb":null,"scanFacilityZip":"23150","imbTrackingCode":"00271901736682048337","imbRoutingCode":"23233193777","imbMid":"901736682","machineId":"018","handlingEventType":"A","edocJobId":"00672497","scanFacilityName":"RICHMOND","mailClassDescription":"Standard","imb":"0027190173668204833723233193777"},{"scanLocaleKey":"012546","edocMailingGroupId":null,"idTag":null,"pieceId":"a9633392-641e-11ec-b438-b1a87e91d745","machineName":"DBCS-018","routingCodeImbMatchingPortion":"22903890225","edocSubmitterCrid":"13861252","predictedDeliveryDate":null,"scanFacilityCity":"SANDSTON","anticipatedDeliveryDate":null,"scanFacilityState":"VA","scannerType":null,"imbStid":"271","imbSerialNumber":"009536","startTheClockDate":"2021-12-24","scanEventCode":"893","scanDatetime":"2022-01-02 14:30:26-0500","expectedDeliveryDate":"2021-12-30","handlingEventTypeDescription":"Actual","impb":null,"scanFacilityZip":"23150","imbTrackingCode":"00271901736682009536","imbRoutingCode":"22903890225","imbMid":"901736682","machineId":"018","handlingEventType":"A","edocJobId":"10675763","scanFacilityName":"RICHMOND","mailClassDescription":"Standard","imb":"0027190173668200953622903890225"},{"scanLocaleKey":"012546","edocMailingGroupId":null,"idTag":null,"pieceId":"72cb9411-5f66-11ec-96ca-8b15826d5807","machineName":"DBCS-018","routingCodeImbMatchingPortion":"23002570140","edocSubmitterCrid":"13861252","predictedDeliveryDate":null,"scanFacilityCity":"SANDSTON","anticipatedDeliveryDate":null,"scanFacilityState":"VA","scannerType":null,"imbStid":"271","imbSerialNumber":"051864","startTheClockDate":"2021-12-18","scanEventCode":"893","scanDatetime":"2022-01-02 14:30:27-0500","expectedDeliveryDate":"2021-12-24","handlingEventTypeDescription":"Actual","impb":null,"scanFacilityZip":"23150","imbTrackingCode":"00271901736682051864","imbRoutingCode":"23002570140","imbMid":"901736682","machineId":"018","handlingEventType":"A","edocJobId":"00672497","scanFacilityName":"RICHMOND","mailClassDescription":"Standard","imb":"0027190173668205186423002570140"},{"scanLocaleKey":"V25935","edocMailingGroupId":null,"idTag":null,"pieceId":"60b8f601-5f66-11ec-9273-ff06bf07860c","machineName":"DBCS-049","routingCodeImbMatchingPortion":"02921205528","edocSubmitterCrid":"13861252","predictedDeliveryDate":null,"scanFacilityCity":"PROVIDENCE","anticipatedDeliveryDate":null,"scanFacilityState":"RI","scannerType":null,"imbStid":"271","imbSerialNumber":"047962","startTheClockDate":"2021-12-18","scanEventCode":"894","scanDatetime":"2022-01-02 04:41:22-0500","expectedDeliveryDate":"2021-12-24","handlingEventTypeDescription":"Actual","impb":null,"scanFacilityZip":"02904","imbTrackingCode":"00271901736682047962","imbRoutingCode":"02921205528","imbMid":"901736682","machineId":"049","handlingEventType":"A","edocJobId":"00672497","scanFacilityName":"PROVIDENCE","mailClassDescription":"Standard","imb":"0027190173668204796202921205528"},{"scanLocaleKey":"V21380","edocMailingGroupId":null,"idTag":null,"pieceId":"a9fe8942-641e-11ec-bc50-1be2d957a538","machineName":"DBCS-008","routingCodeImbMatchingPortion":"19971281540","edocSubmitterCrid":"13861252","predictedDeliveryDate":null,"scanFacilityCity":"HISTORIC NEW CASTLE","anticipatedDeliveryDate":"2022-01-03","scanFacilityState":"DE","scannerType":null,"imbStid":"271","imbSerialNumber":"010879","startTheClockDate":null,"scanEventCode":"918","scanDatetime":"2022-01-02 11:13:35-0500","expectedDeliveryDate":null,"handlingEventTypeDescription":"Actual","impb":null,"scanFacilityZip":"19850","imbTrackingCode":"00271901736682010879","imbRoutingCode":"19971281540","imbMid":"901736682","machineId":"008","handlingEventType":"A","edocJobId":"10675763","scanFacilityName":"WILMINGTON","mailClassDescription":"Standard","imb":"0027190173668201087919971281540"},{"scanLocaleKey":"V21380","edocMailingGroupId":null,"idTag":null,"pieceId":"39875665-641e-11ec-857d-dbd5f39049a3","machineName":"DBCS-008","routingCodeImbMatchingPortion":"19971162986","edocSubmitterCrid":"13861252","predictedDeliveryDate":null,"scanFacilityCity":"HISTORIC NEW CASTLE","anticipatedDeliveryDate":"2022-01-03","scanFacilityState":"DE","scannerType":null,"imbStid":"271","imbSerialNumber":"009801","startTheClockDate":null,"scanEventCode":"918","scanDatetime":"2022-01-02 11:13:35-0500","expectedDeliveryDate":null,"handlingEventTypeDescription":"Actual","impb":null,"scanFacilityZip":"19850","imbTrackingCode":"00271901736682009801","imbRoutingCode":"19971162986","imbMid":"901736682","machineId":"008","handlingEventType":"A","edocJobId":"10675763","scanFacilityName":"WILMINGTON","mailClassDescription":"Standard","imb":"0027190173668200980119971162986"},{"scanLocaleKey":"V21380","edocMailingGroupId":null,"idTag":null,"pieceId":"b3f30f11-641e-11ec-993a-cf18a53c8b2a","machineName":"DBCS-008","routingCodeImbMatchingPortion":"19971177583","edocSubmitterCrid":"13861252","predictedDeliveryDate":null,"scanFacilityCity":"HISTORIC NEW CASTLE","anticipatedDeliveryDate":"2022-01-03","scanFacilityState":"DE","scannerType":null,"imbStid":"271","imbSerialNumber":"009865","startTheClockDate":null,"scanEventCode":"918","scanDatetime":"2022-01-02 11:13:35-0500","expectedDeliveryDate":null,"handlingEventTypeDescription":"Actual","impb":null,"scanFacilityZip":"19850","imbTrackingCode":"00271901736682009865","imbRoutingCode":"19971177583","imbMid":"901736682","machineId":"008","handlingEventType":"A","edocJobId":"10675763","scanFacilityName":"WILMINGTON","mailClassDescription":"Standard","imb":"0027190173668200986519971177583"},{"scanLocaleKey":"Y23078","edocMailingGroupId":null,"idTag":null,"pieceId":"5d5aafd8-5f66-11ec-b0e2-dd54a8b94e4e","machineName":"DBOSS-011","routingCodeImbMatchingPortion":"33594464126","edocSubmitterCrid":"13861252","predictedDeliveryDate":null,"scanFacilityCity":"TAMPA","anticipatedDeliveryDate":null,"scanFacilityState":"FL","scannerType":null,"imbStid":"271","imbSerialNumber":"048876","startTheClockDate":"2021-12-18","scanEventCode":"893","scanDatetime":"2022-01-02 05:29:50-0500","expectedDeliveryDate":"2021-12-27","handlingEventTypeDescription":"Actual","impb":null,"scanFacilityZip":"33630","imbTrackingCode":"00271901736682048876","imbRoutingCode":"33594464126","imbMid":"901736682","machineId":"011","handlingEventType":"A","edocJobId":"00672497","scanFacilityName":"TAMPA","mailClassDescription":"Standard","imb":"0027190173668204887633594464126"},{"scanLocaleKey":"Y23078","edocMailingGroupId":null,"idTag":null,"pieceId":"5d5aafd8-5f66-11ec-b0e2-dd54a8b94e4e","machineName":"DBCS-017","routingCodeImbMatchingPortion":"33594464126","edocSubmitterCrid":"13861252","predictedDeliveryDate":null,"scanFacilityCity":"TAMPA","anticipatedDeliveryDate":"2022-01-03","scanFacilityState":"FL","scannerType":null,"imbStid":"271","imbSerialNumber":"048876","startTheClockDate":"2021-12-18","scanEventCode":"918","scanDatetime":"2022-01-02 12:01:15-0500","expectedDeliveryDate":"2021-12-27","handlingEventTypeDescription":"Actual","impb":null,"scanFacilityZip":"33630","imbTrackingCode":"00271901736682048876","imbRoutingCode":"33594464126","imbMid":"901736682","machineId":"017","handlingEventType":"A","edocJobId":"00672497","scanFacilityName":"TAMPA","mailClassDescription":"Standard","imb":"0027190173668204887633594464126"},{"scanLocaleKey":"V21380","edocMailingGroupId":null,"idTag":null,"pieceId":"a35bc66d-641e-11ec-9ca2-8f09543947eb","machineName":"DBCS-008","routingCodeImbMatchingPortion":"19971105975","edocSubmitterCrid":"13861252","predictedDeliveryDate":null,"scanFacilityCity":"HISTORIC NEW CASTLE","anticipatedDeliveryDate":"2022-01-03","scanFacilityState":"DE","scannerType":null,"imbStid":"271","imbSerialNumber":"010082","startTheClockDate":null,"scanEventCode":"918","scanDatetime":"2022-01-02 11:48:27-0500","expectedDeliveryDate":null,"handlingEventTypeDescription":"Actual","impb":null,"scanFacilityZip":"19850","imbTrackingCode":"00271901736682010082","imbRoutingCode":"19971105975","imbMid":"901736682","machineId":"008","handlingEventType":"A","edocJobId":"10675763","scanFacilityName":"WILMINGTON","mailClassDescription":"Standard","imb":"0027190173668201008219971105975"},{"scanLocaleKey":"X29745","edocMailingGroupId":null,"idTag":null,"pieceId":"a1146e71-641e-11ec-b242-c73c5773ffd2","machineName":"DBCS-020","routingCodeImbMatchingPortion":"20194144797","edocSubmitterCrid":"13861252","predictedDeliveryDate":null,"scanFacilityCity":"STERLING","anticipatedDeliveryDate":"2022-01-03","scanFacilityState":"VA","scannerType":null,"imbStid":"271","imbSerialNumber":"009228","startTheClockDate":"2021-12-24","scanEventCode":"919","scanDatetime":"2022-01-02 17:23:20-0500","expectedDeliveryDate":"2021-12-30","handlingEventTypeDescription":"Actual","impb":null,"scanFacilityZip":"20101","imbTrackingCode":"00271901736682009228","imbRoutingCode":"20194144797","imbMid":"901736682","machineId":"020","handlingEventType":"A","edocJobId":"10675763","scanFacilityName":"DULLES","mailClassDescription":"Standard","imb":"0027190173668200922820194144797"},{"scanLocaleKey":"012546","edocMailingGroupId":null,"idTag":null,"pieceId":"6b91c16b-5f66-11ec-9e7d-5fc4eca91c7c","machineName":"DBCS-018","routingCodeImbMatchingPortion":"22901062865","edocSubmitterCrid":"13861252","predictedDeliveryDate":null,"scanFacilityCity":"SANDSTON","anticipatedDeliveryDate":null,"scanFacilityState":"VA","scannerType":null,"imbStid":"271","imbSerialNumber":"050237","startTheClockDate":"2021-12-18","scanEventCode":"893","scanDatetime":"2022-01-02 14:30:27-0500","expectedDeliveryDate":"2021-12-24","handlingEventTypeDescription":"Actual","impb":null,"scanFacilityZip":"23150","imbTrackingCode":"00271901736682050237","imbRoutingCode":"22901062865","imbMid":"901736682","machineId":"018","handlingEventType":"A","edocJobId":"00672497","scanFacilityName":"RICHMOND","mailClassDescription":"Standard","imb":"0027190173668205023722901062865"},{"scanLocaleKey":"X20577","edocMailingGroupId":null,"idTag":null,"pieceId":"65f3eb73-5f66-11ec-9178-25f00f4b4234","machineName":"DIOSS-017","routingCodeImbMatchingPortion":"44107140673","edocSubmitterCrid":"13861252","predictedDeliveryDate":null,"scanFacilityCity":"CLEVELAND","anticipatedDeliveryDate":null,"scanFacilityState":"OH","scannerType":null,"imbStid":"271","imbSerialNumber":"046926","startTheClockDate":"2021-12-18","scanEventCode":"893","scanDatetime":"2022-01-02 09:46:21-0500","expectedDeliveryDate":"2021-12-24","handlingEventTypeDescription":"Actual","impb":null,"scanFacilityZip":"44101","imbTrackingCode":"00271901736682046926","imbRoutingCode":"44107140673","imbMid":"901736682","machineId":"017","handlingEventType":"A","edocJobId":"00672497","scanFacilityName":"CLEVELAND","mailClassDescription":"Standard","imb":"0027190173668204692644107140673"},{"scanLocaleKey":"012546","edocMailingGroupId":null,"idTag":null,"pieceId":"6b91c16b-5f66-11ec-9e7d-5fc4eca91c7c","machineName":"DBOSS-042","routingCodeImbMatchingPortion":"22901062865","edocSubmitterCrid":"13861252","predictedDeliveryDate":null,"scanFacilityCity":"SANDSTON","anticipatedDeliveryDate":"2022-01-03","scanFacilityState":"VA","scannerType":null,"imbStid":"271","imbSerialNumber":"050237","startTheClockDate":"2021-12-18","scanEventCode":"918","scanDatetime":"2022-01-02 22:34:24-0500","expectedDeliveryDate":"2021-12-24","handlingEventTypeDescription":"Actual","impb":null,"scanFacilityZip":"23150","imbTrackingCode":"00271901736682050237","imbRoutingCode":"22901062865","imbMid":"901736682","machineId":"042","handlingEventType":"A","edocJobId":"00672497","scanFacilityName":"RICHMOND","mailClassDescription":"Standard","imb":"0027190173668205023722901062865"},{"scanLocaleKey":"V21380","edocMailingGroupId":null,"idTag":null,"pieceId":"84307b15-5f68-11ec-9d41-e1e66304be90","machineName":"DBCS-014","routingCodeImbMatchingPortion":"19810153453","edocSubmitterCrid":"13861252","predictedDeliveryDate":null,"scanFacilityCity":"HISTORIC NEW CASTLE","anticipatedDeliveryDate":"2022-01-03","scanFacilityState":"DE","scannerType":null,"imbStid":"271","imbSerialNumber":"051963","startTheClockDate":null,"scanEventCode":"919","scanDatetime":"2022-01-03 03:20:59-0500","expectedDeliveryDate":null,"handlingEventTypeDescription":"Actual","impb":null,"scanFacilityZip":"19850","imbTrackingCode":"00271901736682051963","imbRoutingCode":"19810153453","imbMid":"901736682","machineId":"014","handlingEventType":"A","edocJobId":"00672497","scanFacilityName":"WILMINGTON","mailClassDescription":"Standard","imb":"0027190173668205196319810153453"},{"scanLocaleKey":"X29536","edocMailingGroupId":null,"idTag":null,"pieceId":"7f39cc82-5f66-11ec-8216-f1848fac82a4","machineName":"DBCS-002","routingCodeImbMatchingPortion":"29492752499","edocSubmitterCrid":"13861252","predictedDeliveryDate":null,"scanFacilityCity":"NORTH CHARLESTON","anticipatedDeliveryDate":"2022-01-03","scanFacilityState":"SC","scannerType":null,"imbStid":"271","imbSerialNumber":"045559","startTheClockDate":"2021-12-18","scanEventCode":"919","scanDatetime":"2022-01-02 12:53:01-0500","expectedDeliveryDate":"2021-12-24","handlingEventTypeDescription":"Actual","impb":null,"scanFacilityZip":"29423","imbTrackingCode":"00271901736682045559","imbRoutingCode":"29492752499","imbMid":"901736682","machineId":"002","handlingEventType":"A","edocJobId":"00672497","scanFacilityName":"CHARLESTON","mailClassDescription":"Standard","imb":"0027190173668204555929492752499"},{"scanLocaleKey":"V21380","edocMailingGroupId":null,"idTag":null,"pieceId":"29d05b8b-641e-11ec-986b-1f11e3b6224c","machineName":"DBCS-008","routingCodeImbMatchingPortion":"19971133319","edocSubmitterCrid":"13861252","predictedDeliveryDate":null,"scanFacilityCity":"HISTORIC NEW CASTLE","anticipatedDeliveryDate":"2022-01-03","scanFacilityState":"DE","scannerType":null,"imbStid":"271","imbSerialNumber":"011297","startTheClockDate":null,"scanEventCode":"919","scanDatetime":"2022-01-02 14:50:10-0500","expectedDeliveryDate":null,"handlingEventTypeDescription":"Actual","impb":null,"scanFacilityZip":"19850","imbTrackingCode":"00271901736682011297","imbRoutingCode":"19971133319","imbMid":"901736682","machineId":"008","handlingEventType":"A","edocJobId":"10675763","scanFacilityName":"WILMINGTON","mailClassDescription":"Standard","imb":"0027190173668201129719971133319"},{"scanLocaleKey":"012546","edocMailingGroupId":null,"idTag":null,"pieceId":"71d6d3d1-5f66-11ec-9178-25f00f4b4234","machineName":"DBCS-018","routingCodeImbMatchingPortion":"22801490448","edocSubmitterCrid":"13861252","predictedDeliveryDate":null,"scanFacilityCity":"SANDSTON","anticipatedDeliveryDate":null,"scanFacilityState":"VA","scannerType":null,"imbStid":"271","imbSerialNumber":"044810","startTheClockDate":"2021-12-18","scanEventCode":"893","scanDatetime":"2022-01-02 14:30:27-0500","expectedDeliveryDate":"2021-12-24","handlingEventTypeDescription":"Actual","impb":null,"scanFacilityZip":"23150","imbTrackingCode":"00271901736682044810","imbRoutingCode":"22801490448","imbMid":"901736682","machineId":"018","handlingEventType":"A","edocJobId":"00672497","scanFacilityName":"RICHMOND","mailClassDescription":"Standard","imb":"0027190173668204481022801490448"},{"scanLocaleKey":"X29745","edocMailingGroupId":null,"idTag":null,"pieceId":"7d9f7d71-5f66-11ec-8216-f1848fac82a4","machineName":"DBCS-023","routingCodeImbMatchingPortion":"22603387910","edocSubmitterCrid":"13861252","predictedDeliveryDate":null,"scanFacilityCity":"STERLING","anticipatedDeliveryDate":"2022-01-03","scanFacilityState":"VA","scannerType":null,"imbStid":"271","imbSerialNumber":"046235","startTheClockDate":"2021-12-18","scanEventCode":"919","scanDatetime":"2022-01-02 13:03:52-0500","expectedDeliveryDate":"2021-12-24","handlingEventTypeDescription":"Actual","impb":null,"scanFacilityZip":"20101","imbTrackingCode":"00271901736682046235","imbRoutingCode":"22603387910","imbMid":"901736682","machineId":"023","handlingEventType":"A","edocJobId":"00672497","scanFacilityName":"DULLES","mailClassDescription":"Standard","imb":"0027190173668204623522603387910"},{"scanLocaleKey":"V21380","edocMailingGroupId":null,"idTag":null,"pieceId":"1e7de192-61d4-11ec-be8f-7fbba8a7d6af","machineName":"DBCS-014","routingCodeImbMatchingPortion":"19810270609","edocSubmitterCrid":"13861252","predictedDeliveryDate":null,"scanFacilityCity":"HISTORIC NEW CASTLE","anticipatedDeliveryDate":"2022-01-03","scanFacilityState":"DE","scannerType":null,"imbStid":"271","imbSerialNumber":"025789","startTheClockDate":null,"scanEventCode":"919","scanDatetime":"2022-01-03 03:07:21-0500","expectedDeliveryDate":null,"handlingEventTypeDescription":"Actual","impb":null,"scanFacilityZip":"19850","imbTrackingCode":"00271901736682025789","imbRoutingCode":"19810270609","imbMid":"901736682","machineId":"014","handlingEventType":"A","edocJobId":"00670811","scanFacilityName":"WILMINGTON","mailClassDescription":"Standard","imb":"0027190173668202578919810270609"},{"scanLocaleKey":"V21380","edocMailingGroupId":null,"idTag":null,"pieceId":"a35bc66d-641e-11ec-9ca2-8f09543947eb","machineName":"DBCS-008","routingCodeImbMatchingPortion":"19971105975","edocSubmitterCrid":"13861252","predictedDeliveryDate":null,"scanFacilityCity":"HISTORIC NEW CASTLE","anticipatedDeliveryDate":"2022-01-03","scanFacilityState":"DE","scannerType":null,"imbStid":"271","imbSerialNumber":"010082","startTheClockDate":null,"scanEventCode":"919","scanDatetime":"2022-01-02 16:20:58-0500","expectedDeliveryDate":null,"handlingEventTypeDescription":"Actual","impb":null,"scanFacilityZip":"19850","imbTrackingCode":"00271901736682010082","imbRoutingCode":"19971105975","imbMid":"901736682","machineId":"008","handlingEventType":"A","edocJobId":"10675763","scanFacilityName":"WILMINGTON","mailClassDescription":"Standard","imb":"0027190173668201008219971105975"},{"scanLocaleKey":"W26475","edocMailingGroupId":null,"idTag":null,"pieceId":"64019163-5f66-11ec-b6b6-27b22fba2fd6","machineName":"DBCS-028","routingCodeImbMatchingPortion":"76155388936","edocSubmitterCrid":"13861252","predictedDeliveryDate":null,"scanFacilityCity":"FORT WORTH","anticipatedDeliveryDate":null,"scanFacilityState":"TX","scannerType":null,"imbStid":"271","imbSerialNumber":"046353","startTheClockDate":"2021-12-18","scanEventCode":"893","scanDatetime":"2022-01-03 02:20:39-0600","expectedDeliveryDate":"2021-12-27","handlingEventTypeDescription":"Actual","impb":null,"scanFacilityZip":"76161","imbTrackingCode":"00271901736682046353","imbRoutingCode":"76155388936","imbMid":"901736682","machineId":"028","handlingEventType":"A","edocJobId":"00672497","scanFacilityName":"FORT WORTH","mailClassDescription":"Standard","imb":"0027190173668204635376155388936"},{"scanLocaleKey":"V21380","edocMailingGroupId":null,"idTag":null,"pieceId":"b09bcdc5-641e-11ec-9ca2-8f09543947eb","machineName":"DBCS-008","routingCodeImbMatchingPortion":"19971222501","edocSubmitterCrid":"13861252","predictedDeliveryDate":null,"scanFacilityCity":"HISTORIC NEW CASTLE","anticipatedDeliveryDate":"2022-01-03","scanFacilityState":"DE","scannerType":null,"imbStid":"271","imbSerialNumber":"011628","startTheClockDate":null,"scanEventCode":"919","scanDatetime":"2022-01-02 18:07:29-0500","expectedDeliveryDate":null,"handlingEventTypeDescription":"Actual","impb":null,"scanFacilityZip":"19850","imbTrackingCode":"00271901736682011628","imbRoutingCode":"19971222501","imbMid":"901736682","machineId":"008","handlingEventType":"A","edocJobId":"10675763","scanFacilityName":"WILMINGTON","mailClassDescription":"Standard","imb":"0027190173668201162819971222501"},{"scanLocaleKey":"005918","edocMailingGroupId":null,"idTag":null,"pieceId":"284045aa-641e-11ec-b690-eff642993ac6","machineName":"DBCS-015","routingCodeImbMatchingPortion":"19102443224","edocSubmitterCrid":"13861252","predictedDeliveryDate":null,"scanFacilityCity":"PHILADELPHIA","anticipatedDeliveryDate":"2022-01-03","scanFacilityState":"PA","scannerType":null,"imbStid":"271","imbSerialNumber":"009656","startTheClockDate":"2021-12-24","scanEventCode":"919","scanDatetime":"2022-01-02 16:05:30-0500","expectedDeliveryDate":"2021-12-29","handlingEventTypeDescription":"Actual","impb":null,"scanFacilityZip":"19176","imbTrackingCode":"00271901736682009656","imbRoutingCode":"19102443224","imbMid":"901736682","machineId":"015","handlingEventType":"A","edocJobId":"10675763","scanFacilityName":"PHILADELPHIA","mailClassDescription":"Standard","imb":"0027190173668200965619102443224"},{"scanLocaleKey":"Y22124","edocMailingGroupId":null,"idTag":null,"pieceId":"656e19a7-5f66-11ec-877e-df7d7a1b27b8","machineName":"DBCS-032","routingCodeImbMatchingPortion":"32095908038","edocSubmitterCrid":"13861252","predictedDeliveryDate":null,"scanFacilityCity":"JACKSONVILLE","anticipatedDeliveryDate":null,"scanFacilityState":"FL","scannerType":null,"imbStid":"271","imbSerialNumber":"050789","startTheClockDate":"2021-12-18","scanEventCode":"893","scanDatetime":"2022-01-02 11:33:10-0500","expectedDeliveryDate":"2021-12-27","handlingEventTypeDescription":"Actual","impb":null,"scanFacilityZip":"32203","imbTrackingCode":"00271901736682050789","imbRoutingCode":"32095908038","imbMid":"901736682","machineId":"032","handlingEventType":"A","edocJobId":"00672497","scanFacilityName":"JACKSONVILLE","mailClassDescription":"Standard","imb":"0027190173668205078932095908038"},{"scanLocaleKey":"V27378","edocMailingGroupId":null,"idTag":null,"pieceId":"b3a89891-641e-11ec-993a-cf18a53c8b2a","machineName":"DIOSS-025","routingCodeImbMatchingPortion":"20910431421","edocSubmitterCrid":"13861252","predictedDeliveryDate":null,"scanFacilityCity":"GAITHERSBURG","anticipatedDeliveryDate":"2022-01-03","scanFacilityState":"MD","scannerType":null,"imbStid":"271","imbSerialNumber":"010446","startTheClockDate":"2021-12-24","scanEventCode":"919","scanDatetime":"2022-01-02 16:14:39-0500","expectedDeliveryDate":"2021-12-31","handlingEventTypeDescription":"Actual","impb":null,"scanFacilityZip":"20898","imbTrackingCode":"00271901736682010446","imbRoutingCode":"20910431421","imbMid":"901736682","machineId":"025","handlingEventType":"A","edocJobId":"10675763","scanFacilityName":"SUBURBAN MARYLAND","mailClassDescription":"Standard","imb":"0027190173668201044620910431421"},{"scanLocaleKey":"X29745","edocMailingGroupId":null,"idTag":null,"pieceId":"526d9d21-641c-11ec-8e45-93ef0f34a3a0","machineName":"DBCS-020","routingCodeImbMatchingPortion":"20191130682","edocSubmitterCrid":"13861252","predictedDeliveryDate":null,"scanFacilityCity":"STERLING","anticipatedDeliveryDate":"2022-01-03","scanFacilityState":"VA","scannerType":null,"imbStid":"271","imbSerialNumber":"009911","startTheClockDate":"2021-12-24","scanEventCode":"919","scanDatetime":"2022-01-02 14:45:46-0500","expectedDeliveryDate":"2021-12-30","handlingEventTypeDescription":"Actual","impb":null,"scanFacilityZip":"20101","imbTrackingCode":"00271901736682009911","imbRoutingCode":"20191130682","imbMid":"901736682","machineId":"020","handlingEventType":"A","edocJobId":"10675763","scanFacilityName":"DULLES","mailClassDescription":"Standard","imb":"0027190173668200991120191130682"},{"scanLocaleKey":"V19219","edocMailingGroupId":null,"idTag":null,"pieceId":"8a081099-5f66-11ec-85ef-9bb8e198555e","machineName":"DBCS-011","routingCodeImbMatchingPortion":"06811335943","edocSubmitterCrid":"13861252","predictedDeliveryDate":null,"scanFacilityCity":"WHITE PLAINS","anticipatedDeliveryDate":"2022-01-03","scanFacilityState":"NY","scannerType":null,"imbStid":"271","imbSerialNumber":"044364","startTheClockDate":"2021-12-18","scanEventCode":"919","scanDatetime":"2022-01-02 15:09:08-0500","expectedDeliveryDate":"2021-12-24","handlingEventTypeDescription":"Actual","impb":null,"scanFacilityZip":"10610","imbTrackingCode":"00271901736682044364","imbRoutingCode":"06811335943","imbMid":"901736682","machineId":"011","handlingEventType":"A","edocJobId":"00672497","scanFacilityName":"WESTCHESTER","mailClassDescription":"Standard","imb":"0027190173668204436406811335943"},{"scanLocaleKey":"V27378","edocMailingGroupId":null,"idTag":null,"pieceId":"2b6ec944-641e-11ec-a5ad-39d6c721fae2","machineName":"DIOSS-023","routingCodeImbMatchingPortion":"20814296354","edocSubmitterCrid":"13861252","predictedDeliveryDate":null,"scanFacilityCity":"GAITHERSBURG","anticipatedDeliveryDate":"2022-01-03","scanFacilityState":"MD","scannerType":null,"imbStid":"271","imbSerialNumber":"011392","startTheClockDate":"2021-12-24","scanEventCode":"919","scanDatetime":"2022-01-02 15:12:31-0500","expectedDeliveryDate":"2021-12-31","handlingEventTypeDescription":"Actual","impb":null,"scanFacilityZip":"20898","imbTrackingCode":"00271901736682011392","imbRoutingCode":"20814296354","imbMid":"901736682","machineId":"023","handlingEventType":"A","edocJobId":"10675763","scanFacilityName":"SUBURBAN MARYLAND","mailClassDescription":"Standard","imb":"0027190173668201139220814296354"},{"scanLocaleKey":"012546","edocMailingGroupId":null,"idTag":null,"pieceId":"b4376b2a-641e-11ec-b15e-c9949f366e2e","machineName":"DBOSS-042","routingCodeImbMatchingPortion":"22901540270","edocSubmitterCrid":"13861252","predictedDeliveryDate":null,"scanFacilityCity":"SANDSTON","anticipatedDeliveryDate":"2022-01-03","scanFacilityState":"VA","scannerType":null,"imbStid":"271","imbSerialNumber":"009572","startTheClockDate":"2021-12-24","scanEventCode":"918","scanDatetime":"2022-01-02 22:34:25-0500","expectedDeliveryDate":"2021-12-30","handlingEventTypeDescription":"Actual","impb":null,"scanFacilityZip":"23150","imbTrackingCode":"00271901736682009572","imbRoutingCode":"22901540270","imbMid":"901736682","machineId":"042","handlingEventType":"A","edocJobId":"10675763","scanFacilityName":"RICHMOND","mailClassDescription":"Standard","imb":"0027190173668200957222901540270"},{"scanLocaleKey":"013397","edocMailingGroupId":null,"idTag":null,"pieceId":"698883e1-5f66-11ec-95f1-d717962f4617","machineName":"DIOSS-002","routingCodeImbMatchingPortion":"09112000522","edocSubmitterCrid":"13861252","predictedDeliveryDate":null,"scanFacilityCity":"CHICAGO","anticipatedDeliveryDate":null,"scanFacilityState":"IL","scannerType":null,"imbStid":"271","imbSerialNumber":"049166","startTheClockDate":"2021-12-18","scanEventCode":"481","scanDatetime":"2022-01-02 14:51:28-0600","expectedDeliveryDate":"2021-12-27","handlingEventTypeDescription":"Actual","impb":null,"scanFacilityZip":"60688","imbTrackingCode":"00271901736682049166","imbRoutingCode":"09112000522","imbMid":"901736682","machineId":"002","handlingEventType":"A","edocJobId":"00672497","scanFacilityName":"JT WEEKER ISC","mailClassDescription":"Standard","imb":"0027190173668204916609112000522"},{"scanLocaleKey":"V19356","edocMailingGroupId":null,"idTag":null,"pieceId":"78aa91b1-5f66-11ec-b6b6-27b22fba2fd6","machineName":"DBCS-021","routingCodeImbMatchingPortion":"07093594306","edocSubmitterCrid":"13861252","predictedDeliveryDate":null,"scanFacilityCity":"KEARNY","anticipatedDeliveryDate":"2022-01-03","scanFacilityState":"NJ","scannerType":null,"imbStid":"271","imbSerialNumber":"051511","startTheClockDate":"2021-12-18","scanEventCode":"919","scanDatetime":"2022-01-02 19:18:40-0500","expectedDeliveryDate":"2021-12-24","handlingEventTypeDescription":"Actual","impb":null,"scanFacilityZip":"07099","imbTrackingCode":"00271901736682051511","imbRoutingCode":"07093594306","imbMid":"901736682","machineId":"021","handlingEventType":"A","edocJobId":"00672497","scanFacilityName":"DOMINICK V DANIELS","mailClassDescription":"Standard","imb":"0027190173668205151107093594306"},{"scanLocaleKey":"005918","edocMailingGroupId":null,"idTag":null,"pieceId":"62601652-5f66-11ec-95f1-d717962f4617","machineName":"DBCS-023","routingCodeImbMatchingPortion":"19070213507","edocSubmitterCrid":"13861252","predictedDeliveryDate":null,"scanFacilityCity":"PHILADELPHIA","anticipatedDeliveryDate":"2022-01-03","scanFacilityState":"PA","scannerType":null,"imbStid":"271","imbSerialNumber":"051497","startTheClockDate":"2021-12-18","scanEventCode":"919","scanDatetime":"2022-01-02 15:06:17-0500","expectedDeliveryDate":"2021-12-23","handlingEventTypeDescription":"Actual","impb":null,"scanFacilityZip":"19176","imbTrackingCode":"00271901736682051497","imbRoutingCode":"19070213507","imbMid":"901736682","machineId":"023","handlingEventType":"A","edocJobId":"00672497","scanFacilityName":"PHILADELPHIA","mailClassDescription":"Standard","imb":"0027190173668205149719070213507"},{"scanLocaleKey":"V21380","edocMailingGroupId":null,"idTag":null,"pieceId":"28f87217-641e-11ec-bbb9-6326fa4cddd4","machineName":"DBCS-008","routingCodeImbMatchingPortion":"19971875473","edocSubmitterCrid":"13861252","predictedDeliveryDate":null,"scanFacilityCity":"HISTORIC NEW CASTLE","anticipatedDeliveryDate":"2022-01-03","scanFacilityState":"DE","scannerType":null,"imbStid":"271","imbSerialNumber":"010542","startTheClockDate":null,"scanEventCode":"919","scanDatetime":"2022-01-02 18:11:52-0500","expectedDeliveryDate":null,"handlingEventTypeDescription":"Actual","impb":null,"scanFacilityZip":"19850","imbTrackingCode":"00271901736682010542","imbRoutingCode":"19971875473","imbMid":"901736682","machineId":"008","handlingEventType":"A","edocJobId":"10675763","scanFacilityName":"WILMINGTON","mailClassDescription":"Standard","imb":"0027190173668201054219971875473"},{"scanLocaleKey":"V21380","edocMailingGroupId":null,"idTag":null,"pieceId":"68421dd5-641f-11ec-ae36-9179b4f003df","machineName":"DBCS-008","routingCodeImbMatchingPortion":"19971133617","edocSubmitterCrid":"13861252","predictedDeliveryDate":null,"scanFacilityCity":"HISTORIC NEW CASTLE","anticipatedDeliveryDate":"2022-01-03","scanFacilityState":"DE","scannerType":null,"imbStid":"271","imbSerialNumber":"010830","startTheClockDate":null,"scanEventCode":"919","scanDatetime":"2022-01-02 15:17:30-0500","expectedDeliveryDate":null,"handlingEventTypeDescription":"Actual","impb":null,"scanFacilityZip":"19850","imbTrackingCode":"00271901736682010830","imbRoutingCode":"19971133617","imbMid":"901736682","machineId":"008","handlingEventType":"A","edocJobId":"10675763","scanFacilityName":"WILMINGTON","mailClassDescription":"Standard","imb":"0027190173668201083019971133617"},{"scanLocaleKey":"005918","edocMailingGroupId":null,"idTag":null,"pieceId":"a9c291a5-641e-11ec-b438-b1a87e91d745","machineName":"DBCS-048","routingCodeImbMatchingPortion":"19034180218","edocSubmitterCrid":"13861252","predictedDeliveryDate":null,"scanFacilityCity":"PHILADELPHIA","anticipatedDeliveryDate":"2022-01-03","scanFacilityState":"PA","scannerType":null,"imbStid":"271","imbSerialNumber":"011610","startTheClockDate":"2021-12-24","scanEventCode":"919","scanDatetime":"2022-01-02 15:22:28-0500","expectedDeliveryDate":"2021-12-29","handlingEventTypeDescription":"Actual","impb":null,"scanFacilityZip":"19176","imbTrackingCode":"00271901736682011610","imbRoutingCode":"19034180218","imbMid":"901736682","machineId":"048","handlingEventType":"A","edocJobId":"10675763","scanFacilityName":"PHILADELPHIA","mailClassDescription":"Standard","imb":"0027190173668201161019034180218"},{"scanLocaleKey":"012546","edocMailingGroupId":null,"idTag":null,"pieceId":"68e91391-641c-11ec-8e45-93ef0f34a3a0","machineName":"DBOSS-042","routingCodeImbMatchingPortion":"22901316200","edocSubmitterCrid":"13861252","predictedDeliveryDate":null,"scanFacilityCity":"SANDSTON","anticipatedDeliveryDate":"2022-01-03","scanFacilityState":"VA","scannerType":null,"imbStid":"271","imbSerialNumber":"010195","startTheClockDate":"2021-12-24","scanEventCode":"918","scanDatetime":"2022-01-02 22:34:25-0500","expectedDeliveryDate":"2021-12-30","handlingEventTypeDescription":"Actual","impb":null,"scanFacilityZip":"23150","imbTrackingCode":"00271901736682010195","imbRoutingCode":"22901316200","imbMid":"901736682","machineId":"042","handlingEventType":"A","edocJobId":"10675763","scanFacilityName":"RICHMOND","mailClassDescription":"Standard","imb":"0027190173668201019522901316200"},{"scanLocaleKey":"V27378","edocMailingGroupId":null,"idTag":null,"pieceId":"29ec961f-641e-11ec-bbb9-6326fa4cddd4","machineName":"DBCS-012","routingCodeImbMatchingPortion":"20878470110","edocSubmitterCrid":"13861252","predictedDeliveryDate":null,"scanFacilityCity":"GAITHERSBURG","anticipatedDeliveryDate":"2022-01-03","scanFacilityState":"MD","scannerType":null,"imbStid":"271","imbSerialNumber":"011259","startTheClockDate":"2021-12-24","scanEventCode":"919","scanDatetime":"2022-01-02 18:29:43-0500","expectedDeliveryDate":"2021-12-31","handlingEventTypeDescription":"Actual","impb":null,"scanFacilityZip":"20898","imbTrackingCode":"00271901736682011259","imbRoutingCode":"20878470110","imbMid":"901736682","machineId":"012","handlingEventType":"A","edocJobId":"10675763","scanFacilityName":"SUBURBAN MARYLAND","mailClassDescription":"Standard","imb":"0027190173668201125920878470110"},{"scanLocaleKey":"005918","edocMailingGroupId":null,"idTag":null,"pieceId":"b0f44e12-641e-11ec-b438-b1a87e91d745","machineName":"DBCS-019","routingCodeImbMatchingPortion":"19013602001","edocSubmitterCrid":"13861252","predictedDeliveryDate":null,"scanFacilityCity":"PHILADELPHIA","anticipatedDeliveryDate":"2022-01-03","scanFacilityState":"PA","scannerType":null,"imbStid":"271","imbSerialNumber":"011333","startTheClockDate":"2021-12-24","scanEventCode":"919","scanDatetime":"2022-01-02 18:33:00-0500","expectedDeliveryDate":"2021-12-29","handlingEventTypeDescription":"Actual","impb":null,"scanFacilityZip":"19176","imbTrackingCode":"00271901736682011333","imbRoutingCode":"19013602001","imbMid":"901736682","machineId":"019","handlingEventType":"A","edocJobId":"10675763","scanFacilityName":"PHILADELPHIA","mailClassDescription":"Standard","imb":"0027190173668201133319013602001"},{"scanLocaleKey":"V21380","edocMailingGroupId":null,"idTag":null,"pieceId":"a01e2795-641e-11ec-bc50-1be2d957a538","machineName":"DBCS-008","routingCodeImbMatchingPortion":"19971106603","edocSubmitterCrid":"13861252","predictedDeliveryDate":null,"scanFacilityCity":"HISTORIC NEW CASTLE","anticipatedDeliveryDate":"2022-01-03","scanFacilityState":"DE","scannerType":null,"imbStid":"271","imbSerialNumber":"009494","startTheClockDate":null,"scanEventCode":"919","scanDatetime":"2022-01-02 16:35:25-0500","expectedDeliveryDate":null,"handlingEventTypeDescription":"Actual","impb":null,"scanFacilityZip":"19850","imbTrackingCode":"00271901736682009494","imbRoutingCode":"19971106603","imbMid":"901736682","machineId":"008","handlingEventType":"A","edocJobId":"10675763","scanFacilityName":"WILMINGTON","mailClassDescription":"Standard","imb":"0027190173668200949419971106603"},{"scanLocaleKey":"V21380","edocMailingGroupId":null,"idTag":null,"pieceId":"395b3d46-641e-11ec-857d-dbd5f39049a3","machineName":"DBCS-008","routingCodeImbMatchingPortion":"19971143024","edocSubmitterCrid":"13861252","predictedDeliveryDate":null,"scanFacilityCity":"HISTORIC NEW CASTLE","anticipatedDeliveryDate":"2022-01-03","scanFacilityState":"DE","scannerType":null,"imbStid":"271","imbSerialNumber":"011156","startTheClockDate":null,"scanEventCode":"919","scanDatetime":"2022-01-02 16:53:33-0500","expectedDeliveryDate":null,"handlingEventTypeDescription":"Actual","impb":null,"scanFacilityZip":"19850","imbTrackingCode":"00271901736682011156","imbRoutingCode":"19971143024","imbMid":"901736682","machineId":"008","handlingEventType":"A","edocJobId":"10675763","scanFacilityName":"WILMINGTON","mailClassDescription":"Standard","imb":"0027190173668201115619971143024"},{"scanLocaleKey":"X10915","edocMailingGroupId":null,"idTag":null,"pieceId":"578ca225-5f66-11ec-b6b6-27b22fba2fd6","machineName":"DBCS-022","routingCodeImbMatchingPortion":"30096600952","edocSubmitterCrid":"13861252","predictedDeliveryDate":null,"scanFacilityCity":"DULUTH","anticipatedDeliveryDate":null,"scanFacilityState":"GA","scannerType":null,"imbStid":"271","imbSerialNumber":"048874","startTheClockDate":"2021-12-18","scanEventCode":"893","scanDatetime":"2022-01-02 13:18:16-0500","expectedDeliveryDate":"2021-12-24","handlingEventTypeDescription":"Actual","impb":null,"scanFacilityZip":"30026","imbTrackingCode":"00271901736682048874","imbRoutingCode":"30096600952","imbMid":"901736682","machineId":"022","handlingEventType":"A","edocJobId":"00672497","scanFacilityName":"NORTH METRO","mailClassDescription":"Standard","imb":"0027190173668204887430096600952"},{"scanLocaleKey":"X10915","edocMailingGroupId":null,"idTag":null,"pieceId":"79a6f311-5f66-11ec-a427-896d6977ec65","machineName":"DBCS-022","routingCodeImbMatchingPortion":"30097523356","edocSubmitterCrid":"13861252","predictedDeliveryDate":null,"scanFacilityCity":"DULUTH","anticipatedDeliveryDate":null,"scanFacilityState":"GA","scannerType":null,"imbStid":"271","imbSerialNumber":"052489","startTheClockDate":"2021-12-18","scanEventCode":"893","scanDatetime":"2022-01-02 13:18:16-0500","expectedDeliveryDate":"2021-12-24","handlingEventTypeDescription":"Actual","impb":null,"scanFacilityZip":"30026","imbTrackingCode":"00271901736682052489","imbRoutingCode":"30097523356","imbMid":"901736682","machineId":"022","handlingEventType":"A","edocJobId":"00672497","scanFacilityName":"NORTH METRO","mailClassDescription":"Standard","imb":"0027190173668205248930097523356"}],"msgGrpId":"1641200464560N6SNHJV","msgSerNbr":1,"totMsgCnt":1,"recCnt":94,"totRecCnt":94}